Content	https://en.wikipedia.org/wiki/Wikipedia:Article_titles	Article titles	['WP:UE', 'WP:POVTITLE', 'WP:ATDIS', 'WP:NDESC', 'WP:OTHERNAMES', 'WP:SMALLDETAILS', 'WP:LOWERCASE', 'WP:TITLE', 'WP:NAMINGCRITERIA', 'WP:COMMADIS', 'WP:ATDAB', 'WP:DESCRIPDIS', 'Wikipedia:Article titles', 'WP:MOSAT', 'WP:NOUN', 'WP:DIFFCAPS', 'WP:NAMECHANGES', 'WP:DEFINITE', 'WP:QUALIFIER', 'WP:PARENDIS', 'WP:TRANSLITERATE', 'WP:TITLECHANGES', 'WP:NPOVNAME', 'WP:TITLEVAR', 'WP:NATURALNESS', 'WP:TITLETM', 'WP:UCRN', 'WP:SINGULAR', 'WP:PRECISION', 'WP:PRECISE', 'WP:TITLEFORMAT', 'WP:NATURALDIS', 'WP:CONCISE', 'WP:AT', 'WP:RECOGNIZABILITY', 'WP:NPOVTITLE', 'WP:COMMONNAME', 'WP:TITLESPECIALCHARACTERS', 'WP:DIFFPUNCT', 'WP:TSC', 'WP:CRITERIA', 'WP:POVNAME', 'WP:AND', 'WP:ITALICTITLE']
Content	https://en.wikipedia.org/wiki/Wikipedia:Biographies_of_living_persons	Biographies of living persons	['WP:PUBLICFIGURE', 'WP:BLPPUBLIC', 'WP:GRAPEVINE', 'WP:BLPCOMPLAIN', 'WP:BLPDS', 'WP:BIOSELF', 'WP:BLP', 'WP:BLPNAMEABUSE', 'WP:BLPREMOVE', 'WP:BLPSEEALSO', 'WP:SUSPECT', 'WP:BLPSELFPUB', 'WP:BLPSELF', 'WP:BLPPRIMARY', 'WP:BLPDELETE', 'WP:AVOIDVICTIM', 'WP:BLPRS', 'WP:BLPGOSSIP', 'WP:BLPKINDNESS', 'WP:BLPCRIME', 'WP:BLPSPS', 'WP:BLPKIND', 'WP:BLPBALANCE', 'WP:BLPTALK', 'WP:NOTPUBLICFIGURE', 'WP:NPF', 'WP:BLP1E', 'WP:LIVE', 'WP:BLPSOURCES', 'WP:BLPEDIT', 'WP:BLPDEL', 'WP:BLPCOMPLAINT', 'WP:BLPSTYLE', 'WP:BLPCAT', 'WP:DOB', 'WP:BLPADMINS', 'WP:WELLKNOWN', 'WP:BLPREQUESTRESTORE', 'WP:BDP', 'WP:BLPSOURCE', 'WP:BLPPRIVACY', 'WP:BLPREQUESTDELETE', 'WP:BLPCOI', 'WP:BLPFR', 'WP:LPNAME', 'Wikipedia:Biographies of living persons', 'WP:MUG', 'WP:BLPEL', 'WP:BLPGROUP', 'WP:BLPNAME']
Content	https://en.wikipedia.org/wiki/Wikipedia:Image_use_policy	Image use policy	['WP:IUP#FORMAT', 'WP:IG', 'WP:IUPC', 'WP:MONTAGE', 'WP:IUP', 'WP:THUMBSIZE', 'WP:IUP#COPYRIGHT', 'WP:IQUEUE', 'WP:GALLERY', 'WP:IUP#ANIM', 'WP:WATERMARK', 'WP:IUP#NAME', 'WP:FILESIZE', 'WP:IUP#RI', 'WP:IMAGESIZE', 'WP:IMGSIZE', 'Wikipedia:Image use policy', 'WP:IMAGEPOL']
Content	https://en.wikipedia.org/wiki/Wikipedia:Neutral_point_of_view	Neutral point of view	['WP:RNPOV', 'WP:BALANCED', 'WP:NPV', 'WP:MNA', 'WP:NPOVVIEW', 'WP:NPOV', 'WP:WEIGHT', 'WP:SUBJECTIVE', 'WP:NEUTRAL', 'WP:BALASP', 'WP:BESTSOURCES', 'WP:STRUCTURE', 'WP:ACHIEVE NPOV', 'WP:ATTRIBUTEPOV', 'WP:YESPOV', 'WP:VALID', 'WP:WIKIVOICE', 'WP:IMPARTIAL', 'WP:UNDUE', 'Wikipedia:Neutral point of view', 'WP:NPOVFACT', 'WP:AESTHETIC', 'WP:DUE', 'WP:GEVAL', 'WP:TINFOILHAT', 'WP:POVNAMING', 'WP:SUBSTANTIATE', 'WP:POV', 'WP:FALSEBALANCE', 'WP:PSCI', 'WP:BALANCE', 'WP:NPOVHOW', 'WP:PROPORTION']
Content	https://en.wikipedia.org/wiki/Wikipedia:No_original_research	No original research	['WP:TERTIARY', 'WP:PRIMARY', 'WP:TRANSCRIPTION', 'WP:ORIGINAL', 'WP:CALC', 'WP:SYNTH', 'Wikipedia:No original research', 'WP:OI', 'WP:OR', 'WP:SECONDARY', 'WP:VERIFYOR', 'WP:AEIS', 'WP:PSTS', 'WP:SYNTHESIS', 'WP:SYN', 'WP:STICKTOSOURCE', 'WP:NOR']
Content	https://en.wikipedia.org/wiki/Wikipedia:Verifiability	Verifiability	['WP:UNSOURCED', 'WP:UGS', 'WP:CIRC', 'WP:PAYWALL', 'WP:BURDEN', 'WP:SOURCEACCESS', 'WP:VNOTSUFF', 'WP:NEWSBLOG', 'WP:NOTRS', 'WP:PROVEIT', 'WP:PAYSITE', 'WP:SOURCES', 'WP:EXCEPTIONAL', 'WP:SELFPUB', 'WP:CHALLENGE', 'WP:CIRCULAR', 'Wikipedia:Verifiability', 'WP:V', 'WP:SPS', 'WP:REDFLAG', 'WP:RSUE', 'WP:REFLOOP', 'WP:VER', 'WP:QS', 'WP:BLOGS', 'WP:FAILEDVERIFICATION', 'WP:REDDIT', 'WP:TWITTER', 'WP:YTCOPYRIGHT', 'WP:VERIFY', 'WP:SOURCE', 'WP:SELFPUBLISH', 'WP:SOCIALMEDIA', 'WP:NOENG', 'WP:EXTRAORDINARY', 'WP:ABOUTSELF', 'WP:NOTRELIABLE', 'WP:NONENG', 'WP:ONUS']
Content	https://en.wikipedia.org/wiki/Wikipedia:What_Wikipedia_is_not	What Wikipedia is not	['WP:UNCENSORED', 'WP:NOTFORUM', 'WP:NOTBIBLIOGRAPHY', 'WP:NOTRECIPE', 'WP:NOTDATINGSERVICE', 'WP:NOTPAPER', 'WP:NOT', 'WP:NOTPLUG', 'WP:WHATISTOBEDONE', 'WP:NOTSTORAGE', 'WP:NOTSTATUTE', 'WP:NOTFACTIONS', 'WP:RELEASENOTES', 'WP:PLUG', 'WP:NOTSOAPBOX', 'WP:NOTPRESSRELEASE', 'WP:NOTPROPAGANDA', 'WP:WHIM', 'WP:NOTADVERTISING', 'WP:NOTCV', 'WP:NOTCRYSTALBALL', 'WP:NOTDIARY', 'WP:NOTDIR', 'WP:CBALL', 'WP:NOTNEWSPAPER', 'WP:NOTWIKIA', 'WP:BURO', 'WP:CENSORED', 'WP:NOTSTATS', 'WP:NOTEVERYTHING', 'WP:NOTWHOSWHO', 'WP:NOTBLOG', 'WP:NOTLAW', 'WP:NOTRADIOGUIDE', 'WP:NOTHOSTING', 'WP:NOTRUMOR', 'WP:NOTGENEALOGY', 'WP:NOTFREESPEECH', 'WP:NOTPAPERS', 'WP:CHOICE', 'WP:RAWDATA', 'WP:NOTSOCIALMEDIA', 'WP:NOTADVOCACY', 'WP:SOAPBOX', 'WP:PLOT', 'WP:BADIDEA', 'WP:NOTBATTLEGROUND', 'WP:NOTANARCHY', 'WP:NOTCATALOGUE', 'WP:NOTDEM', 'WP:NOTCRYSTAL', 'WP:CRYSTAL', 'WP:NOTSPECULATION', 'WP:NOTLINKFARM', 'WP:NOTMANUAL', 'WP:NOTIMAGE', 'WP:FACTIONS', 'WP:NOTWHITE', 'WP:NOTCHANGELOG', 'WP:SOAP', 'WP:NOTLAB', 'WP:NOTTEXTBOOK', 'WP:BALL', 'WP:DEMOCRACY', 'WP:NOTDEMOCRACY', 'WP:NOTSOCIAL', 'WP:NOTSTATSBOOK', 'WP:NOTJARGON', 'WP:DEM', 'WP:NOTCASE', 'WP:CRYSTALBALL', 'WP:BATTLEGROUND', 'WP:REQUIRED', 'WP:YELLOW', 'WP:FORUM', 'WP:NOTFUTURE', 'WP:NOTGALLERY', 'WP:NOTGUIDE', 'WP:NOTBROCHURE', 'WP:NOTCOMPULSORY', 'WP:NOTWEBHOST', 'WP:NOTMIRROR', 'WP:NOTSOCIALNETWORK', 'WP:PROMO', 'WP:NOTBURO', 'WP:NOT#DICDEF', 'WP:FUTURE', 'WP:NOTOPINION', 'WP:NOTJOURNAL', 'WP:NOTGAMEHOST', 'WP:NOTTVGUIDE', 'WP:PROPAGANDA', 'WP:NOTCENSORED', 'WP:PROMOTION', 'WP:INDISCRIMINATE', 'WP:COMPULSORY', 'WP:LINKFARM', 'WP:YELLOWPAGES', 'WP:NOTPLOT', 'WP:NOTHOWTO', 'Wikipedia:What Wikipedia is not', 'WP:!', 'WP:SPECULATION', 'WP:NOSALESMEN', 'WP:NOTQUOTE', 'WP:NOTSTUPID', 'WP:CENSOR', 'WP:NOTDIRECTORY', 'WP:NOTPROMOTION', 'WP:NOTADVICE', 'WP:NOTBATTLE', 'WP:NOTPROMO', 'WP:NOTCATALOG', 'WP:NOTREPOSITORY', 'WP:CHAOS', 'WP:NOTSCANDAL', 'WP:NOTMEMORIAL', 'WP:NOTGOSSIP', 'WP:NOTCLICKBAIT', 'WP:NOTBUREAU', 'WP:NOTBUREAUCRACY', 'WP:BATTLE', 'WP:NOT#DICT', 'WP:NOT#DICTIONARY', 'WP:BUREAU', 'WP:NOTFANSITE', 'WP:DIARY', 'WP:NOTFAQ', 'WP:GRUDGE', 'WP:IINFO', 'WP:INKLESS', 'WP:NOTCOURT', 'WP:RUMOUR', 'WP:NOTYELLOW', 'WP:NOTRESUME', 'WP:NOTADIARY', 'WP:NOTCOOKBOOK', 'WP:NOTTRAVEL', 'WP:NOTREQUIRED', 'WP:NOTOBITUARY', 'WP:NOTLINK', 'WP:PAPER', 'WP:PRESSRELEASE', 'WP:NOTNEWS', 'WP:NOTLYRICS', 'WP:NOTESSAY', 'WP:GAMEGUIDE']
Content	https://en.wikipedia.org/wiki/Wikipedia:Wikipedia_is_not_a_dictionary	Wikipedia is not a dictionary	['WP:DICDEF', 'WP:NEO', 'WP:NAD', 'WP:WORDISSUBJECT', 'WP:NOTNEO', 'Wikipedia:Wikipedia is not a dictionary', 'WP:POINTWIKT', 'WP:NOTDIC', 'WP:ISATERMFOR', 'WP:ISAWORDFOR']
Conduct	https://en.wikipedia.org/wiki/Wikipedia:Civility	Civility	['WP:REMOVEUNCIVIL', 'WP:UNCIVIL', 'WP:CIV', 'WP:ESDOS', 'WP:ESDONTS', 'WP:CIVIL', 'WP:IUC', 'Wikipedia:Civility', 'WP:IDENTIFYUNCIVIL', 'WP:RUC']
Conduct	https://en.wikipedia.org/wiki/Wikipedia:Clean_start	Clean start	['WP:CLEANSTART', 'WP:NEWSTART', 'Wikipedia:Clean start', 'WP:FRESHSTART']
Conduct	https://en.wikipedia.org/wiki/Wikipedia:Consensus	Consensus	['Wikipedia:Consensus', 'WP:TALKDONTREVERT', 'WP:ADMINSHOP', 'WP:CCC', 'WP:EDITCONSENSUS', 'WP:CONADMIN', 'WP:NOCONSENSUS', 'WP:CONACHIEVE', 'WP:FORUMSHOP', 'WP:CONEXCEPT', 'WP:CON', 'WP:OTHERPARENT', 'WP:LOCALCONSENSUS', 'WP:NOCON', 'WP:CONS', 'WP:CONLEVEL', 'WP:IMPLICITCONSENSUS', 'WP:CONLIMITED']
Conduct	https://en.wikipedia.org/wiki/Wikipedia:Dispute_resolution	Dispute resolution	['WP:SEEKHELP', 'WP:CONDUCTDISPUTE', 'WP:CONTENTDISPUTE', 'WP:FOC', 'WP:DISPUTE', 'WP:DR', 'Wikipedia:Dispute resolution', 'WP:DR#RfCs', 'WP:DISENGAGE']
Conduct	https://en.wikipedia.org/wiki/Wikipedia:Edit_warring	Edit warring	['Wikipedia:Edit warring', 'WP:AVOIDEDITWAR', 'WP:EDITWAR', 'WP:4RR', 'WP:3RR', 'WP:EW', 'WP:1RR', 'WP:0RR', 'WP:WAR', 'WP:3RRNO', 'WP:NOT3RR', 'WP:3RRBLP']
Conduct	https://en.wikipedia.org/wiki/Wikipedia:Editing_policy	Editing policy	"['WP:WPEDIT', 'Wikipedia:Editing policy', 'WP:WONTWORK', 'WP:UNRESPONSIVE', 'WP:NOTPERFECT', 'WP:CANTFIX', 'WP:IMPERFECT', 'WP:EPTALK', 'WP:HANDLE', 'WP:EDITING', ""WP:DON'T PRESERVE"", 'WP:CAUTIOUS', 'WP:EDIT', 'WP:EP', 'WP:PERFECTION', 'WP:FIXTHEPROBLEM', 'WP:PRESERVE']"
Conduct	https://en.wikipedia.org/wiki/Wikipedia:Harassment	Harassment	['WP:PRIVACY', 'WP:HARASS', 'WP:AOHA', 'WP:HOUND', 'WP:HOUNDING', 'WP:HUSH', 'WP:NPLT', 'WP:HA#NOT', 'WP:HNE', 'WP:WIKIHOUND', 'WP:POSTEMAIL', 'Wikipedia:Harassment', 'WP:HAR', 'WP:FOLLOWING', 'WP:WIKIHOUNDING', 'WP:DOX', 'WP:HA', 'WP:DWH', 'WP:EMAILPOST', 'WP:OUTING', 'WP:OWH']
Conduct	https://en.wikipedia.org/wiki/Wikipedia:No_personal_attacks	No personal attacks	['WP:PERSONAL', 'WP:PERSONALATTACKS', 'WP:NPA', 'Wikipedia:No personal attacks', 'WP:PA', 'WP:AVOIDYOU', 'WP:WIAPA', 'WP:RPA', 'WP:NPA#WHATIS']
Conduct	https://en.wikipedia.org/wiki/Wikipedia:Ownership_of_content	Ownership of content	['WP:OWNBEHAVIOR', 'WP:OWNER', 'Wikipedia:Ownership of content', 'WP:STEWARDSHIP', 'WP:OAS', 'WP:SHEPHERD', 'WP:OWN', 'WP:OWNERSHIP']
Conduct	https://en.wikipedia.org/wiki/Wikipedia:Sock_puppetry	Sock puppetry	['WP:GHBH', 'WP:ADMINSOCK', 'WP:DG', 'WP:MEAT', 'WP:ILLEGIT', 'WP:DOPP', 'WP:HAND', 'WP:BADSOCK', 'WP:SOCKLEGIT', 'WP:SPCU', 'WP:SOCK', 'WP:MEATPUPPET', 'WP:STRAWSOCK', 'WP:HSOCK', 'Wikipedia:Sock puppetry', 'WP:COWORKER', 'WP:SOCK#NOTIFY', 'WP:FAMILY', 'WP:VALIDALT', 'WP:ROLE', 'WP:SCRUTINY', 'WP:SHARE', 'WP:LOUTSOCK', 'WP:EWLO', 'WP:ALTACCN', 'WP:ROOMMATE', 'WP:LOGOUT']
Conduct	https://en.wikipedia.org/wiki/Wikipedia:Username_policy	Username policy	['WP:USERNAME', 'Wikipedia:Username policy', 'WP:UPOL', 'WP:PROMONAME', 'WP:UNCONF', 'WP:IMPERSONATE', 'WP:UNC', 'WP:ORGNAME', 'WP:MULTIACCOUNT', 'WP:NOSHARING', 'WP:BLPABUSE', 'WP:IU', 'WP:REALNAME', 'WP:ATTACKNAME', 'WP:MISLEADNAME', 'WP:ISU', 'WP:NOEMOJI', 'WP:DISRUPTNAME', 'WP:BADNAME', 'WP:MULTIPLE', 'WP:NONLATIN', 'WP:LATINPLEASE', 'WP:CORPNAME', 'WP:IMPERSONATOR', 'WP:SHAREDACCOUNT', 'WP:USEMODDOMAIN', 'WP:SPAMNAME']
Conduct	https://en.wikipedia.org/wiki/Wikipedia:Vandalism	Vandalism	['WP:SPOTVAN', 'WP:NORESVAND', 'WP:VANDTYPES', 'WP:HTSV', 'WP:SNEAKY', 'WP:NOTVAND', 'WP:NOTV', 'WP:MOVEVANDAL', 'WP:VAND', 'WP:WHOIS', 'WP:RVAN', 'WP:VD', 'Wikipedia:Vandalism', 'WP:NOTVANDALISM', 'WP:WARNVAND', 'WP:VANDAL', 'WP:TRACEIP', 'WP:VANDNOT']
Deletion	https://en.wikipedia.org/wiki/Wikipedia:Attack_page	Attack page	['Wikipedia:Attack page', 'WP:ATTACK', 'WP:NEGATIVESPIN', 'WP:ATP']
Deletion	https://en.wikipedia.org/wiki/Wikipedia:Criteria_for_speedy_deletion	Criteria for speedy deletion	['WP:G11', 'WP:G2', 'WP:G8', 'WP:GCSD', 'WP:F8', 'WP:G10', 'WP:T2', 'WP:SPEEDY', 'WP:P1', 'WP:A1', 'WP:A9', 'WP:G5', 'WP:R2', 'WP:F3', 'WP:G14', 'WP:P2', 'WP:A11', 'WP:F10', 'WP:CCSD', 'WP:X2', 'WP:U5', 'WP:U2', 'WP:G6', 'WP:G7', 'WP:A7', 'WP:A10', 'WP:R4', 'WP:F11', 'WP:UCSD', 'WP:RCSD', 'WP:NOTCSD', 'WP:G13', 'WP:G9', 'WP:F7', 'WP:XCSD', 'WP:OCSD', 'WP:F9', 'WP:R3', 'WP:G12', 'WP:G3', 'WP:A5', 'WP:T3', 'WP:F5', 'Wikipedia:Criteria for speedy deletion', 'WP:U3', 'WP:G1', 'WP:A3', 'WP:FCSD', 'WP:G4', 'WP:PCSD', 'WP:F6', 'WP:U1', 'WP:TCSD', 'WP:F4', 'WP:CSD', 'WP:A2', 'WP:CSD#F1', 'WP:F2', 'WP:C1', 'WP:ACSD']
Deletion	https://en.wikipedia.org/wiki/Wikipedia:Deletion_policy	Deletion policy	['WP:UDP', 'WP:DEL', 'WP:DEL-CONTENT', 'WP:ATD-E', 'WP:ATD', 'WP:DEL#REASON', 'WP:DELETE', 'WP:ATD-T', 'WP:DPAFD', 'WP:DP', 'Wikipedia:Deletion policy', 'WP:DEL#PROCESSES', 'WP:DEL-REASON', 'WP:DEL-PROCESSES', 'WP:CBLANK', 'WP:DELAFD', 'WP:DEL#CONTENT', 'WP:PERMADEL', 'WP:ATD-R', 'WP:ATD-M', 'WP:ATD-TRANS', 'WP:BIODEL', 'WP:ATD-I', 'WP:BIODELETE']
Deletion	https://en.wikipedia.org/wiki/Wikipedia:Oversight	Oversight	['Wikipedia:Oversight', 'WP:OS', 'WP:OVER', 'WP:OSPOL', 'WP:SUPPRESS']
Deletion	https://en.wikipedia.org/wiki/Wikipedia:Proposed_deletion	Proposed deletion	['WP:PRD', 'WP:PROD', 'WP:SECOND', 'WP:PRODNOM', 'WP:CONTESTED', 'Wikipedia:Proposed deletion', 'WP:DEPROD']
Deletion	https://en.wikipedia.org/wiki/Wikipedia:Proposed_deletion_(books)	Proposed deletion (books)	['WP:BOOKPROD', 'Wikipedia:Proposed deletion (books)', 'WP:BPROD']
Deletion	https://en.wikipedia.org/wiki/Wikipedia:Proposed_deletion_of_biographies_of_living_people	Proposed deletion of biographies of living people	['WP:BLPPROD', 'Wikipedia:Proposed deletion of biographies of living people', 'WP:STICKY']
Deletion	https://en.wikipedia.org/wiki/Wikipedia:Revision_deletion	Revision deletion	['WP:RVDL', 'WP:REVDEL', 'WP:REVDELREQUEST', 'WP:CFRD', 'Wikipedia:Revision deletion', 'WP:CRD']
Enforcement	https://en.wikipedia.org/wiki/Wikipedia:Administrators	Administrators	['WP:INACTIVITY', 'WP:DEAL', 'WP:ANYUSER', 'WP:TOOLMISUSE', 'WP:RAAA', 'WP:INVOLVED', 'WP:ADMINABUSE', 'WP:MOPFIGHT', 'WP:SECUREADMIN', 'WP:ADMINACCT', 'WP:UNINVOLVED', 'Wikipedia:Administrators', 'WP:ADMINISTRATORABUSE', 'WP:WW', 'WP:WHEEL', 'WP:ADMINCOND', 'WP:SYSOP', 'WP:ADMIN', 'WP:NOBIGDEAL', 'WP:MOPRIGHTS', 'WP:0WW', 'WP:MOP']
Enforcement	https://en.wikipedia.org/wiki/Wikipedia:Banning_policy	Banning policy	['WP:CBAN', 'WP:CONDUCTTOBANNED', 'WP:3STRIKES', 'WP:RECIDIVISM', 'WP:BANREVERT', 'WP:BANPOL', 'WP:IBAN', 'WP:UNBAN', 'WP:PBAN', 'WP:REVERTBAN', 'WP:BAN', 'WP:BANBLOCKDIFF', 'WP:ABAN', 'WP:BLOCKBANDIFF', 'Wikipedia:Banning policy', 'WP:BANEX', 'WP:SBAN', 'WP:BANLENGTH', 'WP:BMB', 'WP:THREESTRIKES', 'WP:3X', 'WP:PROXYING', 'WP:TBAN']
Enforcement	https://en.wikipedia.org/wiki/Wikipedia:Blocking_policy	Blocking policy	['WP:BLOCKEVIDENCE', 'WP:OPTIONS', 'WP:WHYBLOCK', 'WP:EVASION', 'WP:BLOCKPREVENTATIVE', 'WP:CUBL', 'WP:SOFTBLOCK', 'WP:NEVERUNBLOCK', 'WP:BLOCKME', 'WP:BLOCKEVASION', 'WP:OSBL', 'WP:INDEF', 'WP:BEFOREBLOCK', 'WP:BLOCKDETERRENT', 'WP:BLOCK', 'Wikipedia:Blocking policy', 'WP:BE', 'WP:EVADE', 'WP:COLLATERAL', 'WP:BP', 'WP:BLOCKNO', 'WP:COOLDOWN', 'WP:BLOCKP', 'WP:CDB', 'WP:SELFBLOCK', 'WP:HARDBLOCK', 'WP:CONDUNBLOCK', 'WP:BLOCKNOTPUNITIVE', 'WP:BEFOREBLOCKING', 'WP:EXPLAINBLOCK', 'WP:NOPUNISH', 'WP:GB']
Enforcement	https://en.wikipedia.org/wiki/Wikipedia:Protection_policy	Page protection policy	['WP:PROTECT', 'WP:SALT', 'WP:PREEMPTIVE', 'WP:CASCADE', 'WP:NO-PREEMPT', 'WP:SKYBLUELOCK', 'WP:TURQUOISELOCK', 'WP:PTPROT', 'WP:PPLIST', 'WP:UPROT', 'WP:SEMI', 'WP:PREFER', 'WP:PINKLOCK', 'WP:PPINDEF', 'WP:WHITELOCK', 'WP:PERM-PRO', 'WP:PP', 'WP:SUPERPROTECT', 'WP:MOVP', 'WP:PCPP', 'WP:PURPLELOCK', 'WP:UPLOAD-P', 'WP:GOLDLOCK', 'Wikipedia:Protection policy', 'WP:REDLOCK', 'WP:ECP', 'WP:FULL', 'WP:BLACKLOCK', 'WP:SILVERLOCK', 'WP:TPROT', 'WP:BLUELOCK', 'WP:PPDRV', 'WP:GREENLOCK', 'WP:WMF-PRO', 'WP:ORANGELOCK', 'WP:UPPROT']
Legal	https://en.wikipedia.org/wiki/Wikipedia:Child_protection	Child protection	['Wikipedia:Child protection']
Legal	https://en.wikipedia.org/wiki/Wikipedia:Copyright_violations	Copyright violations	['WP:DCV', 'Wikipedia:Copyright violations', 'WP:CVTOOLS']
Legal	https://en.wikipedia.org/wiki/Wikipedia:Copyrights	Copyrights	['WP:COPYLINKS', 'WP:LINKVIO', 'Wikipedia:Copyrights', 'WP:COPYOTHERS', 'WP:COPYLINK']
Legal	https://en.wikipedia.org/wiki/Wikipedia:Libel	Libel	['Wikipedia:Libel']
Legal	https://en.wikipedia.org/wiki/Wikipedia:No_legal_threats	No legal threats	['Wikipedia:No legal threats']
Legal	https://en.wikipedia.org/wiki/Wikipedia:Non-discrimination_policy	Non-discrimination	['Wikipedia:Non-discrimination policy']
Legal	https://en.wikipedia.org/wiki/Wikipedia:Non-free_content_criteria	Non-free content criteria	['WP:NFCCE', 'WP:NFCCP', 'Wikipedia:Non-free content criteria']
Legal	https://en.wikipedia.org/wiki/Wikipedia:Paid-contribution_disclosure	Paid-contribution disclosure	['Wikipedia:Paid-contribution disclosure']
Legal	https://en.wikipedia.org/wiki/Wikipedia:Reusing_Wikipedia_content	Reusing Wikipedia content	['Wikipedia:Reusing Wikipedia content']
Legal	https://en.wikipedia.org/wiki/Wikipedia:Terms_of_use	Terms of use	['Wikipedia:Terms of use']
Procedural	https://en.wikipedia.org/wiki/Wikipedia:Arbitration_Committee/CheckUser_and_Oversight	Arbitration Committee/CheckUser and Oversight	['Wikipedia:Arbitration Committee/CheckUser and Oversight', 'WP:CUOS']
Procedural	https://en.wikipedia.org/wiki/Wikipedia:Arbitration/Policy	Arbitration/Policy	['WP:RECUSAL', 'WP:ARBPOL', 'WP:ARBCOND', 'WP:AP', 'Wikipedia:Arbitration/Policy']
Procedural	https://en.wikipedia.org/wiki/Wikipedia:Bot_policy	Bot policy	['WP:BOTCOMM', 'Wikipedia:Bot policy', 'WP:BOTREQUIRE', 'WP:BOTCONFIG', 'WP:BOTASSIST', 'WP:BOTACC', 'WP:SPELLBOT', 'WP:ADMINBOTS', 'WP:BOTAPPEAL', 'WP:CONTEXTBOT', 'WP:EXEMPTBOT', 'WP:BOTAPPROVAL', 'WP:BOTUSERSPACE', 'WP:BOTFLAG', 'WP:BOTSCRIPT', 'WP:MEATBOT', 'WP:INTERWIKIBOT', 'WP:BAGREQ', 'WP:MASSCREATION', 'WP:BOTISSUE', 'WP:BOTMULTIOP', 'WP:BOTPCAT', 'WP:COSMETICBOT', 'WP:BOTBLOCK', 'WP:BOTDEF', 'WP:BOTUSE', 'WP:ASSISTED', 'WP:ADMINBOT']
Procedural	https://en.wikipedia.org/wiki/Wikipedia:CheckUser	CheckUser	['WP:NOTFISHING', 'WP:PIXIEDUST', 'Wikipedia:CheckUser']
Procedural	https://en.wikipedia.org/wiki/Wikipedia:Edit_filter_helper	Edit filter helper	['Wikipedia:Edit filter helper']
Procedural	https://en.wikipedia.org/wiki/Wikipedia:Event_coordinator	Event coordinator	['Wikipedia:Event coordinator']
Procedural	https://en.wikipedia.org/wiki/Wikipedia:File_mover	File mover	['WP:FMV/W', 'WP:FILEREDIRECT', 'Wikipedia:File mover', 'WP:FMNN']
Procedural	https://en.wikipedia.org/wiki/Wikipedia:Global_rights_policy	Global rights policy	['Wikipedia:OTRS members', 'Wikipedia:Global rights policy', 'WP:GLOBALBOTS']
Procedural	https://en.wikipedia.org/wiki/Wikipedia:Interface_administrators	Interface administrators	['Wikipedia:Interface administrators']
Procedural	https://en.wikipedia.org/wiki/Wikipedia:IP_block_exemption	IP block exemption	['WP:IPEXEMPTCONDITIONS', 'WP:IPEC', 'Wikipedia:IP block exemption', 'WP:IPECPROXY', 'WP:GIPBE']
Procedural	https://en.wikipedia.org/wiki/Wikipedia:New_pages_patrol/Reviewers	New pages patrol/Reviewers	['Wikipedia:New pages patrol/Reviewers']
Procedural	https://en.wikipedia.org/wiki/Wikipedia:Open_proxies	Open proxies	['Wikipedia:Open proxies']
Procedural	https://en.wikipedia.org/wiki/Wikipedia:Page_mover	Page mover	['WP:PMRC', 'WP:PMVRC', 'WP:PMRR', 'WP:ROBIN', 'Wikipedia:Page mover']
Procedural	https://en.wikipedia.org/wiki/Wikipedia:Policies_and_guidelines	Policies and guidelines	['WP:PGBOLD', 'WP:PGCHANGE', 'Wikipedia:Policies and guidelines', 'WP:PGLIFE', 'WP:PROPOSAL', 'WP:TALKFIRST', 'WP:HISTORICAL', 'WP:POLICIES', 'WP:ENFORCEMENT', 'WP:GUIDES', 'WP:NOTPART', 'WP:POLCON']
Procedural	https://en.wikipedia.org/wiki/Wikipedia:Template_editor	Template editor	['WP:TPEGRANT', 'Wikipedia:Template editor', 'WP:TPEREVOKE']
Procedural	https://en.wikipedia.org/wiki/Wikipedia:Volunteer_response_team	Volunteer response team	['Wikipedia:Volunteer Response Team']
Procedural	https://en.wikipedia.org/wiki/Wikipedia:Wikimedia_policy	Wikimedia policy	['Wikipedia:Wikimedia policy']
Miscellaneous	https://en.wikipedia.org/wiki/Wikipedia:Ignore_all_rules	Ignore all rules	['Wikipedia:Ignore all rules', 'w.wiki/i', 'WP:IGNORE', 'WP:IAR']
Miscellaneous	https://en.wikipedia.org/wiki/Wikipedia:Password_strength_requirements	Password strength requirements	['WP:STRONGPASS', 'WP:PSR', 'Wikipedia:Password strength requirements']
