title	lang
Wikipedia:100万条目专页	zh
Wikipedia:1729	zh
Wikipedia:1Lib1Ref	zh
Wikipedia:2005年大英百科接管维基媒体基金会	zh
Wikipedia:2005年媒體引用維基百科內容列表	zh
Wikipedia:2005年維基媒體國際大會	zh
Wikipedia:2006年媒體引用維基百科內容列表	zh
Wikipedia:2007年媒體引用維基百科內容列表	zh
Wikipedia:2008年媒體引用維基百科內容列表	zh
Wikipedia:2009年媒體引用維基百科內容列表	zh
Wikipedia:2009年首頁改版計劃/首頁最後定案	zh
Wikipedia:2010年媒體引用維基百科內容列表	zh
Wikipedia:2011年媒體引用維基百科內容列表	zh
Wikipedia:2012年媒體引用維基百科內容列表	zh
Wikipedia:2012年首頁設計建議	zh
Wikipedia:2012年首頁設計建議/執行改版	zh
Wikipedia:2012年首頁設計建議/草案/CaseyLeung	zh
Wikipedia:2012年首頁設計建議/草案/Gakmo	zh
Wikipedia:2012年首頁設計建議/草案/Gnaggnoyil	zh
Wikipedia:2012年首頁設計建議/草案/JuneAugust	zh
Wikipedia:2012年首頁設計建議/草案/LeKFigure	zh
Wikipedia:2013年媒體引用維基百科內容列表	zh
Wikipedia:2014年媒體引用維基百科內容列表	zh
Wikipedia:2014年維基媒體國際大會	zh
Wikipedia:2015年媒體引用維基百科內容列表	zh
Wikipedia:2015年維基媒體國際大會	zh
Wikipedia:2017年媒體引用維基百科內容列表	zh
Wikipedia:2018年媒體引用維基百科內容列表	zh
Wikipedia:2019年討論頁諮詢/第二階段	zh
Wikipedia:2021年基金會針對中文維基百科的行動	zh
Wikipedia:2021年媒體引用維基百科內容列表	zh
Wikipedia:2021為圖片找個家編輯松	zh
Wikipedia:2022年媒體引用維基百科內容列表	zh
Wikipedia:20周年	zh
Wikipedia:50個或以上維基人持同一立場的投票	zh
Wikipedia:AutoWikiBrowser	zh
Wikipedia:AutoWikiBrowser/CheckPage	zh
Wikipedia:AutoWikiBrowser/CheckPageJSON	zh
Wikipedia:AutoWikiBrowser/Config	zh
Wikipedia:AutoWikiBrowser/Dated templates	zh
Wikipedia:AutoWikiBrowser/IW	zh
Wikipedia:AutoWikiBrowser/Sandbox	zh
Wikipedia:AutoWikiBrowser/Settings	zh
Wikipedia:AutoWikiBrowser/Template redirects	zh
Wikipedia:AutoWikiBrowser/Typos	zh
Wikipedia:AutoWikiBrowser/Typos/指南	zh
Wikipedia:AutoWikiBrowser/User talk templates	zh
Wikipedia:AutoWikiBrowser/Userbox	zh
Wikipedia:AutoWikiBrowser/header	zh
Wikipedia:AutoWikiBrowser/任务	zh
Wikipedia:AutoWikiBrowser/定製模組	zh
Wikipedia:AutoWikiBrowser/插件	zh
Wikipedia:AutoWikiBrowser/查找和替换	zh
Wikipedia:AutoWikiBrowser/版本历史	zh
Wikipedia:AutoWikiBrowser/用戶數目	zh
Wikipedia:AutoWikiBrowser/用户手册	zh
Wikipedia:AutoWikiBrowser/目前版本	zh
Wikipedia:BIAS POLITICS	zh
Wikipedia:Block log	zh
Wikipedia:Bureaucrat log	zh
Wikipedia:CC BY-SA 3.0协议文本	zh
Wikipedia:COVID-19條目共識	zh
Wikipedia:CSV Loader	zh
Wikipedia:CVN	zh
Wikipedia:Common.js和common.css	zh
Wikipedia:CommonsTicker	zh
Wikipedia:Discord交流群	zh
Wikipedia:Discord交流群/Userbox	zh
Wikipedia:Example	zh
Wikipedia:GNU自由文档许可证文本	zh
Wikipedia:GNU自由文档许可证文本/非正式翻译	zh
Wikipedia:Google搜尋和數量	zh
Wikipedia:Google搜索结果前十名列表/2008	zh
Wikipedia:Growth團隊功能	zh
Wikipedia:Growth團隊功能/導師列表	zh
Wikipedia:Growth團隊功能/導師列表/手動	zh
Wikipedia:Guestbook for non-Chinese speakers	zh
Wikipedia:Huggle	zh
Wikipedia:Huggle/Config	zh
Wikipedia:Huggle/Config.yaml	zh
Wikipedia:Huggle/Header	zh
Wikipedia:Huggle/Message	zh
Wikipedia:Huggle/Users	zh
Wikipedia:Huggle/Whitelist	zh
Wikipedia:Huggle/Whitelist/Header	zh
Wikipedia:Huggle/反馈	zh
Wikipedia:IP地址不是人	zh
Wikipedia:IP封禁	zh
Wikipedia:IP封禁例外	zh
Wikipedia:IP用户都是人	zh
Wikipedia:IRC教程	zh
Wikipedia:IRC聊天频道	zh
Wikipedia:Lua	zh
Wikipedia:Lua代码风格	zh
Wikipedia:Map data	zh
Wikipedia:Map data/Wikipedia KML/Interstate 296	zh
Wikipedia:MediaWiki	zh
Wikipedia:MediaWiki命名空间	zh
Wikipedia:ORCID	zh
Wikipedia:ORES	zh
Wikipedia:Open proxy detection	zh
Wikipedia:Open proxy detection/说明	zh
Wikipedia:PB	zh
Wikipedia:PHP 腳本	zh
Wikipedia:PHP机器人框架表	zh
Wikipedia:Page Curation	zh
Wikipedia:PetScan	zh
Wikipedia:Protection log	zh
Wikipedia:ProveIt	zh
Wikipedia:Pywikibot	zh
Wikipedia:RedWarn	zh
Wikipedia:SWViewer	zh
Wikipedia:Semapedia	zh
Wikipedia:TWA/1/Bio/1	zh
Wikipedia:TWA/6/Civil/1	zh
Wikipedia:TWA/6/Civil/2	zh
Wikipedia:TWA/Background/1	zh
Wikipedia:TWA/Feedback/Preload	zh
Wikipedia:TWA/Portal	zh
Wikipedia:Telegram交流群	zh
Wikipedia:Top 10	zh
Wikipedia:Twinkle	zh
Wikipedia:Twinkle/修复RFPP	zh
Wikipedia:Twinkle/参数设置	zh
Wikipedia:Twinkle/程式碼列表	zh
Wikipedia:U18协会	zh
Wikipedia:Unicode扩展汉字	zh
Wikipedia:WPCleaner	zh
Wikipedia:WPCleaner/Languages	zh
Wikipedia:WikiFunctions	zh
Wikipedia:Wikimedia基金会理事会选举	zh
Wikipedia:Wikipedia-mode.el	zh
Wikipedia:Wikipedia的中文名	zh
Wikipedia:《维基人》	zh
Wikipedia:《维基人》/关于我们	zh
Wikipedia:《维基人》/往期存档	zh
Wikipedia:《维基人》/往期存档/2005年	zh
Wikipedia:《维基人》/往期存档/2010年	zh
Wikipedia:《维基人》/往期存档/2011年	zh
Wikipedia:《维基人》/往期存档/2012年	zh
Wikipedia:《维基人》/往期存档/2013年	zh
Wikipedia:《维基人》/往期存档/2014年	zh
Wikipedia:《维基人》/往期存档/2015年	zh
Wikipedia:《维基人》/往期存档/2016年	zh
Wikipedia:《维基人》/往期存档/2020年	zh
Wikipedia:《维基人》/往期存档/2021年	zh
Wikipedia:《维基人》/投稿平台	zh
Wikipedia:《维基人》/最新期數	zh
Wikipedia:《维基人》/模板	zh
Wikipedia:《维基人》/模板/底欄	zh
Wikipedia:《维基人》/模板/引用	zh
Wikipedia:《维基人》/模板/文章結束	zh
Wikipedia:《维基人》/模板/文章頂欄	zh
Wikipedia:《维基人》/模板/狀態	zh
Wikipedia:《维基人》/模板/目錄模塊	zh
Wikipedia:《维基人》/模板/目錄結束	zh
Wikipedia:《维基人》/模板/目錄開始	zh
Wikipedia:《维基人》/模板/評論	zh
Wikipedia:《维基人》/模板/頂欄	zh
Wikipedia:《维基人》/編輯部	zh
Wikipedia:《维基人》/編輯部/資源	zh
Wikipedia:《维基人》/订阅列表	zh
Wikipedia:「同」是什麼意思？	zh
Wikipedia:一定要先撰写条目	zh
Wikipedia:一段句子不是一篇條目	zh
Wikipedia:一級半來源	zh
Wikipedia:三大原则	zh
Wikipedia:上传	zh
Wikipedia:上传/old	zh
Wikipedia:上传/old/desc	zh
Wikipedia:上传/old/未知作者或协议	zh
Wikipedia:上载纪录	zh
Wikipedia:不再活跃的用户	zh
Wikipedia:不要为了模板颜色打编辑战	zh
Wikipedia:不要五十步笑百步	zh
Wikipedia:不要人身攻击	zh
Wikipedia:不要伤害新手	zh
Wikipedia:不要使用叙述手法	zh
Wikipedia:不要侮辱破壞者	zh
Wikipedia:不要删除首页	zh
Wikipedia:不要包含原始资料的副本	zh
Wikipedia:不要在條目中進行聲明	zh
Wikipedia:不要希望房子會自己建立	zh
Wikipedia:不要往鼻子里塞豆子	zh
Wikipedia:不要往鼻子里塞豆子/轰隆	zh
Wikipedia:不要急著喊「利益衝突」	zh
Wikipedia:不要恢复已删除的留言	zh
Wikipedia:不要成為一個討人厭的傢伙	zh
Wikipedia:不要成為狂熱份子	zh
Wikipedia:不要打扮成蜘蛛人爬上國會大廈	zh
Wikipedia:不要把维基百科缩写成维基	zh
Wikipedia:不要担心性能	zh
Wikipedia:不要拆除仍在建造的房子	zh
Wikipedia:不要武断地假设某人是傀儡	zh
Wikipedia:不要火上浇油	zh
Wikipedia:不要為了權力而編輯	zh
Wikipedia:不要為闡釋觀點而擾亂維基百科	zh
Wikipedia:不要無諱地直言	zh
Wikipedia:不要給老用戶發模板	zh
Wikipedia:不要製造惡作劇	zh
Wikipedia:不要訴諸法律威脅	zh
Wikipedia:不要請求代做功課	zh
Wikipedia:不要说谎	zh
Wikipedia:不要过载你的监视列表	zh
Wikipedia:专题	zh
Wikipedia:专题/提升为命名空间	zh
Wikipedia:专题委员会	zh
Wikipedia:专题委员会/专题名录	zh
Wikipedia:专题委员会/专题名录/专题	zh
Wikipedia:专题委员会/专题指引	zh
Wikipedia:专题委员会/专题指引/专题	zh
Wikipedia:专题委员会/专题指引/工作组	zh
Wikipedia:专题委员会/导航	zh
Wikipedia:专题委员会/当前状态	zh
Wikipedia:专题委员会/技术支持	zh
Wikipedia:专题委员会/段落标题	zh
Wikipedia:並不是所有頁面都需要標籤	zh
Wikipedia:中国大陆维基人用户组	zh
Wikipedia:中文烏爾都語社群協作計畫	zh
Wikipedia:中文維基百科之最	zh
Wikipedia:中立的观点	zh
Wikipedia:中立的观点/布告板	zh
Wikipedia:中立的观点常见问题解答	zh
Wikipedia:中立的观点指南	zh
Wikipedia:中立观点争议	zh
Wikipedia:乐趣	zh
Wikipedia:了解《忽略所有規則》	zh
Wikipedia:争议性陈述	zh
Wikipedia:事不关己，高高挂起	zh
Wikipedia:事件驅動投資	zh
Wikipedia:互助客栈	zh
Wikipedia:互助客栈/Editnotice/zh	zh
Wikipedia:互助客栈/其他	zh
Wikipedia:互助客栈/其他/存档/2005年6月	zh
Wikipedia:互助客栈/其他/存档/2009年1月	zh
Wikipedia:互助客栈/其他/存档/2011年1月	zh
Wikipedia:互助客栈/其他/存档/2016年5月	zh
Wikipedia:互助客栈/其他/存档/2018年3月	zh
Wikipedia:互助客栈/存档	zh
Wikipedia:互助客栈/技术	zh
Wikipedia:互助客栈/技术/存档/2017年3月	zh
Wikipedia:互助客栈/方针	zh
Wikipedia:互助客栈/方针/存档/2003年12月	zh
Wikipedia:互助客栈/方针/存档/2004年12月	zh
Wikipedia:互助客栈/方针/存档/2004年3月	zh
Wikipedia:互助客栈/方针/存档/2004年8月	zh
Wikipedia:互助客栈/方针/存档/2004年9月	zh
Wikipedia:互助客栈/方针/存档/2005年1月	zh
Wikipedia:互助客栈/方针/存档/2005年4月	zh
Wikipedia:互助客栈/方针/存档/2005年6月	zh
Wikipedia:互助客栈/方针/存档/2005年7月	zh
Wikipedia:互助客栈/方针/存档/2010年9月	zh
Wikipedia:互助客栈/方针/存档/2013年11月	zh
Wikipedia:互助客栈/方针/存档/2013年1月	zh
Wikipedia:互助客栈/方针/存档/2014年6月	zh
Wikipedia:互助客栈/条目探讨	zh
Wikipedia:互助客栈/条目探讨/存档/2011年7月	zh
Wikipedia:互助客栈/条目探讨/存档/2013年11月	zh
Wikipedia:互助客栈/条目探讨/存档/2013年5月	zh
Wikipedia:互助客栈/条目探讨/存档/2018年2月	zh
Wikipedia:互助客栈/求助	zh
Wikipedia:互助客栈/求助/存档/2012年6月	zh
Wikipedia:互助客栈/求助/存档/2013年2月	zh
Wikipedia:互助客栈/消息	zh
Wikipedia:互助客栈/消息/存档/2016年5月	zh
Wikipedia:互助客栈 (全部)	zh
Wikipedia:五大支柱	zh
Wikipedia:人事任免投票資格	zh
Wikipedia:人工語言維基百科	zh
Wikipedia:人物分类方法	zh
Wikipedia:什么是条目	zh
Wikipedia:仅在必要时进行回退	zh
Wikipedia:今日存廢討論	zh
Wikipedia:介面管理員	zh
Wikipedia:以本地時區顯示簽名時間	zh
Wikipedia:仲裁	zh
Wikipedia:仲裁委员会	zh
Wikipedia:任務中心	zh
Wikipedia:休戰	zh
Wikipedia:休眠帳號	zh
Wikipedia:优良与典范标准对比	zh
Wikipedia:优良条目	zh
Wikipedia:优良条目/2011年11月	zh
Wikipedia:优良条目/2016年10月31日	zh
Wikipedia:优良条目/存档	zh
Wikipedia:优良话题/2003年大西洋飓风季	zh
Wikipedia:优良话题/飓风伊莎贝尔	zh
Wikipedia:但这是真实的！	zh
Wikipedia:低地德語維基百科	zh
Wikipedia:低編輯數管理員	zh
Wikipedia:何謂幽默	zh
Wikipedia:何谓共识	zh
Wikipedia:何谓忽略所有规则	zh
Wikipedia:你不能在所有時刻遵守所有規則	zh
Wikipedia:你必须喂食怪兽	zh
Wikipedia:使用WebCite	zh
Wikipedia:使用Zotero添加引用来源	zh
Wikipedia:使用傀儡帐户的后果	zh
Wikipedia:使用指南/外部链接	zh
Wikipedia:使用时光机	zh
Wikipedia:使用者頁面化	zh
Wikipedia:來源考量	zh
Wikipedia:侵权拯救工作小组/日志报告/200906	zh
Wikipedia:侵犯著作权	zh
Wikipedia:保护状况	zh
Wikipedia:保留派維基人社團	zh
Wikipedia:保衛條目品質	zh
Wikipedia:保護方針	zh
Wikipedia:信息框颜色	zh
Wikipedia:修改、回退、討論循環	zh
Wikipedia:修改和创建方针	zh
Wikipedia:修繕評價章節	zh
Wikipedia:修訂巡查	zh
Wikipedia:修訂版本刪除	zh
Wikipedia:修订版本删除请求	zh
Wikipedia:修订版本删除请求/存档/2011年7-9月	zh
Wikipedia:個人資訊	zh
Wikipedia:倫巴底語維基百科	zh
Wikipedia:假定善意	zh
Wikipedia:假定惡意	zh
Wikipedia:假定愚蠢	zh
Wikipedia:停用回退通知	zh
Wikipedia:傀儡	zh
Wikipedia:傀儡調查	zh
Wikipedia:傀儡調查/指導	zh
Wikipedia:傀儡調查/提報指南	zh
Wikipedia:傀儡調查/案件/Xayahrainie43	zh
Wikipedia:傀儡調查/案件/影武者	zh
Wikipedia:傀儡調查/空表格	zh
Wikipedia:傀儡調查/空表格/一般編輯提示	zh
Wikipedia:傀儡調查/管理員指南	zh
Wikipedia:傀儡調查/調查助理	zh
Wikipedia:傀儡調查/調查程序	zh
Wikipedia:傀儡账户的特点	zh
Wikipedia:備忘單	zh
Wikipedia:傾向性編輯	zh
Wikipedia:優良條目標準	zh
Wikipedia:優良條目評選	zh
Wikipedia:優良條目評選/header	zh
Wikipedia:優良條目評選/存檔	zh
Wikipedia:優良條目重審/存檔	zh
Wikipedia:優良話題	zh
Wikipedia:儿童保护	zh
Wikipedia:元维基	zh
Wikipedia:免责声明	zh
Wikipedia:內容分歧	zh
Wikipedia:全景自由	zh
Wikipedia:兩碼拉丁字母縮寫表	zh
Wikipedia:八個編輯我們百科全書的簡單規則	zh
Wikipedia:公有領域	zh
Wikipedia:公有領域的圖像資源	zh
Wikipedia:共识	zh
Wikipedia:关于	zh
Wikipedia:关于沙盒	zh
Wikipedia:关注度	zh
Wikipedia:关注度 (事件)	zh
Wikipedia:关注度 (人物)	zh
Wikipedia:关注度 (地理特征)	zh
Wikipedia:关注度 (地震)	zh
Wikipedia:关注度 (数字)	zh
Wikipedia:关注度 (电影)	zh
Wikipedia:关注度 (组织)	zh
Wikipedia:关注度 (网站)	zh
Wikipedia:关注度 (虚构)	zh
Wikipedia:关闭讨论	zh
Wikipedia:其他语言的维基百科优良条目	zh
Wikipedia:其他语言的维基百科优良条目/Wikipedia:緬甸語版	zh
Wikipedia:其他语言的维基百科优良条目/上索布语版	zh
Wikipedia:其他语言的维基百科优良条目/世界語版	zh
Wikipedia:其他语言的维基百科优良条目/中库尔德语版	zh
Wikipedia:其他语言的维基百科优良条目/中文版	zh
Wikipedia:其他语言的维基百科优良条目/丹麥語版	zh
Wikipedia:其他语言的维基百科优良条目/乌尔都语版	zh
Wikipedia:其他语言的维基百科优良条目/亚齐语版	zh
Wikipedia:其他语言的维基百科优良条目/亞美尼亞語版	zh
Wikipedia:其他语言的维基百科优良条目/低地蘇格蘭語版	zh
Wikipedia:其他语言的维基百科优良条目/俄語版	zh
Wikipedia:其他语言的维基百科优良条目/保加利亞語版	zh
Wikipedia:其他语言的维基百科优良条目/信德语版	zh
Wikipedia:其他语言的维基百科优良条目/倫巴底語版	zh
Wikipedia:其他语言的维基百科优良条目/傳統白俄羅斯語版	zh
Wikipedia:其他语言的维基百科优良条目/僧伽罗语版	zh
Wikipedia:其他语言的维基百科优良条目/克什米爾語版	zh
Wikipedia:其他语言的维基百科优良条目/克羅埃西亞語版	zh
Wikipedia:其他语言的维基百科优良条目/克里米亚鞑靼语版	zh
Wikipedia:其他语言的维基百科优良条目/冰島語版	zh
Wikipedia:其他语言的维基百科优良条目/列茲金語版	zh
Wikipedia:其他语言的维基百科优良条目/加泰羅尼亞語版	zh
Wikipedia:其他语言的维基百科优良条目/加里西亞語版	zh
Wikipedia:其他语言的维基百科优良条目/匈牙利語版	zh
Wikipedia:其他语言的维基百科优良条目/北库尔德语版	zh
Wikipedia:其他语言的维基百科优良条目/北弗里斯兰语版	zh
Wikipedia:其他语言的维基百科优良条目/南非语版	zh
Wikipedia:其他语言的维基百科优良条目/卡巴尔达语版	zh
Wikipedia:其他语言的维基百科优良条目/卡拉恰伊－巴尔卡尔语版	zh
Wikipedia:其他语言的维基百科优良条目/卡纳达语版	zh
Wikipedia:其他语言的维基百科优良条目/印地語版	zh
Wikipedia:其他语言的维基百科优良条目/印尼語版	zh
Wikipedia:其他语言的维基百科优良条目/古吉拉特语版	zh
Wikipedia:其他语言的维基百科优良条目/吉拉基語版	zh
Wikipedia:其他语言的维基百科优良条目/吴语版	zh
Wikipedia:其他语言的维基百科优良条目/哈萨克语版	zh
Wikipedia:其他语言的维基百科优良条目/哥德語版	zh
Wikipedia:其他语言的维基百科优良条目/圖盧語版	zh
Wikipedia:其他语言的维基百科优良条目/土耳其語版	zh
Wikipedia:其他语言的维基百科优良条目/埃及阿拉伯语版	zh
Wikipedia:其他语言的维基百科优良条目/塔加洛語版	zh
Wikipedia:其他语言的维基百科优良条目/塔吉克語版	zh
Wikipedia:其他语言的维基百科优良条目/塔塔爾語版	zh
Wikipedia:其他语言的维基百科优良条目/塞爾維亞-克羅埃西亞語版	zh
Wikipedia:其他语言的维基百科优良条目/塞爾維亞語版	zh
Wikipedia:其他语言的维基百科优良条目/奥地利-巴伐利亚语版	zh
Wikipedia:其他语言的维基百科优良条目/奧克語版	zh
Wikipedia:其他语言的维基百科优良条目/奧塞梯語版	zh
Wikipedia:其他语言的维基百科优良条目/奧里亞文版	zh
Wikipedia:其他语言的维基百科优良条目/威尼斯語版	zh
Wikipedia:其他语言的维基百科优良条目/威爾士語版	zh
Wikipedia:其他语言的维基百科优良条目/孟加拉語版	zh
Wikipedia:其他语言的维基百科优良条目/孟语版	zh
Wikipedia:其他语言的维基百科优良条目/尼泊尔语版	zh
Wikipedia:其他语言的维基百科优良条目/尼瓦爾語版	zh
Wikipedia:其他语言的维基百科优良条目/巴什基尔语版	zh
Wikipedia:其他语言的维基百科优良条目/巴斯克語版	zh
Wikipedia:其他语言的维基百科优良条目/布里亞特語版	zh
Wikipedia:其他语言的维基百科优良条目/希伯來語版	zh
Wikipedia:其他语言的维基百科优良条目/希臘語版	zh
Wikipedia:其他语言的维基百科优良条目/康柏语版	zh
Wikipedia:其他语言的维基百科优良条目/德語版	zh
Wikipedia:其他语言的维基百科优良条目/意大利語版	zh
Wikipedia:其他语言的维基百科优良条目/意第緒語版	zh
Wikipedia:其他语言的维基百科优良条目/愛沙尼亞語版	zh
Wikipedia:其他语言的维基百科优良条目/扎扎其語版	zh
Wikipedia:其他语言的维基百科优良条目/拉克語版	zh
Wikipedia:其他语言的维基百科优良条目/拉脫維亞語版	zh
Wikipedia:其他语言的维基百科优良条目/拉迪諾語版	zh
Wikipedia:其他语言的维基百科优良条目/挪威語版	zh
Wikipedia:其他语言的维基百科优良条目/捷克語版	zh
Wikipedia:其他语言的维基百科优良条目/教會斯拉夫語版	zh
Wikipedia:其他语言的维基百科优良条目/文言文版	zh
Wikipedia:其他语言的维基百科优良条目/斯洛伐克語版	zh
Wikipedia:其他语言的维基百科优良条目/斯洛文尼亞語版	zh
Wikipedia:其他语言的维基百科优良条目/斯瓦希里语版	zh
Wikipedia:其他语言的维基百科优良条目/施卢赫语版	zh
Wikipedia:其他语言的维基百科优良条目/日語版	zh
Wikipedia:其他语言的维基百科优良条目/普什图语版	zh
Wikipedia:其他语言的维基百科优良条目/林加拉语版	zh
Wikipedia:其他语言的维基百科优良条目/柯尔克孜语版	zh
Wikipedia:其他语言的维基百科优良条目/格魯吉亞語版	zh
Wikipedia:其他语言的维基百科优良条目/梵语版	zh
Wikipedia:其他语言的维基百科优良条目/楚瓦什語版	zh
Wikipedia:其他语言的维基百科优良条目/比斯拉马语版	zh
Wikipedia:其他语言的维基百科优良条目/法罗语版	zh
Wikipedia:其他语言的维基百科优良条目/法語版	zh
Wikipedia:其他语言的维基百科优良条目/波斯尼亞語版	zh
Wikipedia:其他语言的维基百科优良条目/波斯語版	zh
Wikipedia:其他语言的维基百科优良条目/波蘭語版	zh
Wikipedia:其他语言的维基百科优良条目/泰盧固語版	zh
Wikipedia:其他语言的维基百科优良条目/泰米爾語版	zh
Wikipedia:其他语言的维基百科优良条目/泰語版	zh
Wikipedia:其他语言的维基百科优良条目/海地克里奧爾語版	zh
Wikipedia:其他语言的维基百科优良条目/烏克蘭語版	zh
Wikipedia:其他语言的维基百科优良条目/烏茲別克語版	zh
Wikipedia:其他语言的维基百科优良条目/爪哇語版	zh
Wikipedia:其他语言的维基百科优良条目/牙買加土語版	zh
Wikipedia:其他语言的维基百科优良条目/瑞典語版	zh
Wikipedia:其他语言的维基百科优良条目/白俄羅斯語版	zh
Wikipedia:其他语言的维基百科优良条目/科西嘉语版	zh
Wikipedia:其他语言的维基百科优良条目/立陶宛語版	zh
Wikipedia:其他语言的维基百科优良条目/简单英语版	zh
Wikipedia:其他语言的维基百科优良条目/米南佳保语版	zh
Wikipedia:其他语言的维基百科优良条目/粵文版	zh
Wikipedia:其他语言的维基百科优良条目/約魯巴語版	zh
Wikipedia:其他语言的维基百科优良条目/納瓦特爾語版	zh
Wikipedia:其他语言的维基百科优良条目/维普斯语版	zh
Wikipedia:其他语言的维基百科优良条目/羅馬尼亞語版	zh
Wikipedia:其他语言的维基百科优良条目/芬蘭語版	zh
Wikipedia:其他语言的维基百科优良条目/英語版	zh
Wikipedia:其他语言的维基百科优良条目/荷蘭語版	zh
Wikipedia:其他语言的维基百科优良条目/葡萄牙語版	zh
Wikipedia:其他语言的维基百科优良条目/西弗里斯兰语版	zh
Wikipedia:其他语言的维基百科优良条目/西旁遮普语版	zh
Wikipedia:其他语言的维基百科优良条目/西班牙語版	zh
Wikipedia:其他语言的维基百科优良条目/豪萨语版	zh
Wikipedia:其他语言的维基百科优良条目/越南語版	zh
Wikipedia:其他语言的维基百科优良条目/车臣语版	zh
Wikipedia:其他语言的维基百科优良条目/达戈姆巴语版	zh
Wikipedia:其他语言的维基百科优良条目/迈蒂利语版	zh
Wikipedia:其他语言的维基百科优良条目/邦板牙語版	zh
Wikipedia:其他语言的维基百科优良条目/閩南語版	zh
Wikipedia:其他语言的维基百科优良条目/閩東語版	zh
Wikipedia:其他语言的维基百科优良条目/阿勒曼尼語版	zh
Wikipedia:其他语言的维基百科优良条目/阿塞拜疆語版	zh
Wikipedia:其他语言的维基百科优良条目/阿拉伯語版	zh
Wikipedia:其他语言的维基百科优良条目/阿斯圖里亞語版	zh
Wikipedia:其他语言的维基百科优良条目/阿爾巴尼亞語版	zh
Wikipedia:其他语言的维基百科优良条目/阿萨姆语版	zh
Wikipedia:其他语言的维基百科优良条目/雅库特语版	zh
Wikipedia:其他语言的维基百科优良条目/韓語版	zh
Wikipedia:其他语言的维基百科优良条目/馬來語版	zh
Wikipedia:其他语言的维基百科优良条目/馬其頓語版	zh
Wikipedia:其他语言的维基百科优良条目/馬拉地語版	zh
Wikipedia:其他语言的维基百科优良条目/马拉亚姆语版	zh
Wikipedia:其他语言的维基百科优良条目/马赞德兰语版	zh
Wikipedia:其他语言的维基百科典范条目	zh
Wikipedia:其他语言的维基百科典范条目/中文版	zh
Wikipedia:其他语言的维基百科典范条目/俄語版	zh
Wikipedia:其他语言的维基百科典范条目/克羅埃西亞語版	zh
Wikipedia:其他语言的维基百科典范条目/加泰羅尼亞語版	zh
Wikipedia:其他语言的维基百科典范条目/匈牙利語版	zh
Wikipedia:其他语言的维基百科典范条目/南非语版	zh
Wikipedia:其他语言的维基百科典范条目/印尼語版	zh
Wikipedia:其他语言的维基百科典范条目/巴斯克語版	zh
Wikipedia:其他语言的维基百科典范条目/希伯來語版	zh
Wikipedia:其他语言的维基百科典范条目/德語版	zh
Wikipedia:其他语言的维基百科典范条目/意大利語版	zh
Wikipedia:其他语言的维基百科典范条目/挪威語版	zh
Wikipedia:其他语言的维基百科典范条目/斯洛文尼亞語版	zh
Wikipedia:其他语言的维基百科典范条目/日語版	zh
Wikipedia:其他语言的维基百科典范条目/法語版	zh
Wikipedia:其他语言的维基百科典范条目/波蘭語版	zh
Wikipedia:其他语言的维基百科典范条目/瑞典語版	zh
Wikipedia:其他语言的维基百科典范条目/芬蘭語版	zh
Wikipedia:其他语言的维基百科典范条目/英語版	zh
Wikipedia:其他语言的维基百科典范条目/荷蘭語版	zh
Wikipedia:其他语言的维基百科典范条目/葡萄牙語版	zh
Wikipedia:其他语言的维基百科典范条目/西班牙語版	zh
Wikipedia:其他语言的维基百科典范条目/越南語版	zh
Wikipedia:其他语言的维基百科典范条目/阿拉伯語版	zh
Wikipedia:其他语言的维基百科典范条目/阿斯圖里亞語版	zh
Wikipedia:其他语言的维基百科典范条目/馬其頓語版	zh
Wikipedia:其他语言的维基百科特色列表	zh
Wikipedia:其他选择	zh
Wikipedia:典範使用者頁面	zh
Wikipedia:典範使用者頁面評選	zh
Wikipedia:典範條目標準	zh
Wikipedia:典范条目	zh
Wikipedia:典范条目/2004年	zh
Wikipedia:典范条目/2005年	zh
Wikipedia:典范条目/2006年	zh
Wikipedia:典范条目/2007年	zh
Wikipedia:典范条目/2008年	zh
Wikipedia:典范条目/2009年	zh
Wikipedia:典范条目/2010年	zh
Wikipedia:典范条目/2011年	zh
Wikipedia:典范条目/2012年	zh
Wikipedia:典范条目/2013年10月	zh
Wikipedia:典范条目/2013年10月20日	zh
Wikipedia:典范条目/2013年10月21日	zh
Wikipedia:典范条目/2013年10月6日	zh
Wikipedia:典范条目/2013年10月7日	zh
Wikipedia:典范条目/2013年11月	zh
Wikipedia:典范条目/2013年11月20日	zh
Wikipedia:典范条目/2013年11月29日	zh
Wikipedia:典范条目/2013年11月30日	zh
Wikipedia:典范条目/2013年12月	zh
Wikipedia:典范条目/2013年12月10日	zh
Wikipedia:典范条目/2013年12月12日	zh
Wikipedia:典范条目/2013年12月22日	zh
Wikipedia:典范条目/2013年12月25日	zh
Wikipedia:典范条目/2013年12月26日	zh
Wikipedia:典范条目/2013年1月至8月19日	zh
Wikipedia:典范条目/2013年8月	zh
Wikipedia:典范条目/2013年8月20日	zh
Wikipedia:典范条目/2013年8月22日	zh
Wikipedia:典范条目/2013年8月23日	zh
Wikipedia:典范条目/2013年8月24日	zh
Wikipedia:典范条目/2013年8月25日	zh
Wikipedia:典范条目/2013年8月26日	zh
Wikipedia:典范条目/2013年8月27日	zh
Wikipedia:典范条目/2013年8月29日	zh
Wikipedia:典范条目/2013年8月30日	zh
Wikipedia:典范条目/2013年9月	zh
Wikipedia:典范条目/2013年9月22日	zh
Wikipedia:典范条目/2013年9月23日	zh
Wikipedia:典范条目/2014年10月	zh
Wikipedia:典范条目/2014年10月10日	zh
Wikipedia:典范条目/2014年10月11日	zh
Wikipedia:典范条目/2014年10月12日	zh
Wikipedia:典范条目/2014年10月13日	zh
Wikipedia:典范条目/2014年10月15日	zh
Wikipedia:典范条目/2014年10月16日	zh
Wikipedia:典范条目/2014年10月17日	zh
Wikipedia:典范条目/2014年10月19日	zh
Wikipedia:典范条目/2014年10月20日	zh
Wikipedia:典范条目/2014年10月21日	zh
Wikipedia:典范条目/2014年10月23日	zh
Wikipedia:典范条目/2014年10月25日	zh
Wikipedia:典范条目/2014年10月26日	zh
Wikipedia:典范条目/2014年10月27日	zh
Wikipedia:典范条目/2014年10月28日	zh
Wikipedia:典范条目/2014年10月29日	zh
Wikipedia:典范条目/2014年10月2日	zh
Wikipedia:典范条目/2014年10月30日	zh
Wikipedia:典范条目/2014年10月31日	zh
Wikipedia:典范条目/2014年10月3日	zh
Wikipedia:典范条目/2014年10月5日	zh
Wikipedia:典范条目/2014年10月7日	zh
Wikipedia:典范条目/2014年10月8日	zh
Wikipedia:典范条目/2014年10月9日	zh
Wikipedia:典范条目/2014年11月	zh
Wikipedia:典范条目/2014年11月11日	zh
Wikipedia:典范条目/2014年11月14日	zh
Wikipedia:典范条目/2014年11月15日	zh
Wikipedia:典范条目/2014年11月19日	zh
Wikipedia:典范条目/2014年11月1日	zh
Wikipedia:典范条目/2014年11月21日	zh
Wikipedia:典范条目/2014年11月27日	zh
Wikipedia:典范条目/2014年11月28日	zh
Wikipedia:典范条目/2014年11月3日	zh
Wikipedia:典范条目/2014年11月4日	zh
Wikipedia:典范条目/2014年11月5日	zh
Wikipedia:典范条目/2014年11月6日	zh
Wikipedia:典范条目/2014年11月8日	zh
Wikipedia:典范条目/2014年12月	zh
Wikipedia:典范条目/2014年12月14日	zh
Wikipedia:典范条目/2014年12月15日	zh
Wikipedia:典范条目/2014年12月16日	zh
Wikipedia:典范条目/2014年12月19日	zh
Wikipedia:典范条目/2014年12月1日	zh
Wikipedia:典范条目/2014年12月21日	zh
Wikipedia:典范条目/2014年12月22日	zh
Wikipedia:典范条目/2014年12月27日	zh
Wikipedia:典范条目/2014年12月28日	zh
Wikipedia:典范条目/2014年12月2日	zh
Wikipedia:典范条目/2014年12月3日	zh
Wikipedia:典范条目/2014年12月7日	zh
Wikipedia:典范条目/2014年12月8日	zh
Wikipedia:典范条目/2014年1月	zh
Wikipedia:典范条目/2014年1月10日	zh
Wikipedia:典范条目/2014年1月11日	zh
Wikipedia:典范条目/2014年1月12日	zh
Wikipedia:典范条目/2014年1月13日	zh
Wikipedia:典范条目/2014年1月26日	zh
Wikipedia:典范条目/2014年1月27日	zh
Wikipedia:典范条目/2014年1月28日	zh
Wikipedia:典范条目/2014年1月29日	zh
Wikipedia:典范条目/2014年1月30日	zh
Wikipedia:典范条目/2014年1月31日	zh
Wikipedia:典范条目/2014年1月7日	zh
Wikipedia:典范条目/2014年1月8日	zh
Wikipedia:典范条目/2014年1月9日	zh
Wikipedia:典范条目/2014年2月	zh
Wikipedia:典范条目/2014年2月10日	zh
Wikipedia:典范条目/2014年2月11日	zh
Wikipedia:典范条目/2014年2月12日	zh
Wikipedia:典范条目/2014年2月13日	zh
Wikipedia:典范条目/2014年2月14日	zh
Wikipedia:典范条目/2014年2月16日	zh
Wikipedia:典范条目/2014年2月17日	zh
Wikipedia:典范条目/2014年2月18日	zh
Wikipedia:典范条目/2014年2月19日	zh
Wikipedia:典范条目/2014年2月1日	zh
Wikipedia:典范条目/2014年2月20日	zh
Wikipedia:典范条目/2014年2月21日	zh
Wikipedia:典范条目/2014年2月22日	zh
Wikipedia:典范条目/2014年2月2日	zh
Wikipedia:典范条目/2014年2月4日	zh
Wikipedia:典范条目/2014年2月5日	zh
Wikipedia:典范条目/2014年2月6日	zh
Wikipedia:典范条目/2014年2月7日	zh
Wikipedia:典范条目/2014年2月8日	zh
Wikipedia:典范条目/2014年2月9日	zh
Wikipedia:典范条目/2014年3月	zh
Wikipedia:典范条目/2014年3月10日	zh
Wikipedia:典范条目/2014年3月11日	zh
Wikipedia:典范条目/2014年3月12日	zh
Wikipedia:典范条目/2014年3月13日	zh
Wikipedia:典范条目/2014年3月14日	zh
Wikipedia:典范条目/2014年3月15日	zh
Wikipedia:典范条目/2014年3月16日	zh
Wikipedia:典范条目/2014年3月17日	zh
Wikipedia:典范条目/2014年3月18日	zh
Wikipedia:典范条目/2014年3月29日	zh
Wikipedia:典范条目/2014年3月30日	zh
Wikipedia:典范条目/2014年3月31日	zh
Wikipedia:典范条目/2014年3月5日	zh
Wikipedia:典范条目/2014年3月6日	zh
Wikipedia:典范条目/2014年3月7日	zh
Wikipedia:典范条目/2014年3月8日	zh
Wikipedia:典范条目/2014年3月9日	zh
Wikipedia:典范条目/2014年4月	zh
Wikipedia:典范条目/2014年4月10日	zh
Wikipedia:典范条目/2014年4月11日	zh
Wikipedia:典范条目/2014年4月12日	zh
Wikipedia:典范条目/2014年4月13日	zh
Wikipedia:典范条目/2014年4月14日	zh
Wikipedia:典范条目/2014年4月15日	zh
Wikipedia:典范条目/2014年4月16日	zh
Wikipedia:典范条目/2014年4月17日	zh
Wikipedia:典范条目/2014年4月18日	zh
Wikipedia:典范条目/2014年4月19日	zh
Wikipedia:典范条目/2014年4月20日	zh
Wikipedia:典范条目/2014年4月21日	zh
Wikipedia:典范条目/2014年4月22日	zh
Wikipedia:典范条目/2014年4月23日	zh
Wikipedia:典范条目/2014年4月25日	zh
Wikipedia:典范条目/2014年4月26日	zh
Wikipedia:典范条目/2014年4月27日	zh
Wikipedia:典范条目/2014年4月28日	zh
Wikipedia:典范条目/2014年4月2日	zh
Wikipedia:典范条目/2014年4月30日	zh
Wikipedia:典范条目/2014年4月3日	zh
Wikipedia:典范条目/2014年4月4日	zh
Wikipedia:典范条目/2014年4月6日	zh
Wikipedia:典范条目/2014年4月7日	zh
Wikipedia:典范条目/2014年4月8日	zh
Wikipedia:典范条目/2014年4月9日	zh
Wikipedia:典范条目/2014年5月	zh
Wikipedia:典范条目/2014年5月10日	zh
Wikipedia:典范条目/2014年5月12日	zh
Wikipedia:典范条目/2014年5月14日	zh
Wikipedia:典范条目/2014年5月16日	zh
Wikipedia:典范条目/2014年5月18日	zh
Wikipedia:典范条目/2014年5月19日	zh
Wikipedia:典范条目/2014年5月1日	zh
Wikipedia:典范条目/2014年5月21日	zh
Wikipedia:典范条目/2014年5月23日	zh
Wikipedia:典范条目/2014年5月25日	zh
Wikipedia:典范条目/2014年5月27日	zh
Wikipedia:典范条目/2014年5月28日	zh
Wikipedia:典范条目/2014年5月29日	zh
Wikipedia:典范条目/2014年5月2日	zh
Wikipedia:典范条目/2014年5月30日	zh
Wikipedia:典范条目/2014年5月4日	zh
Wikipedia:典范条目/2014年5月5日	zh
Wikipedia:典范条目/2014年5月6日	zh
Wikipedia:典范条目/2014年5月8日	zh
Wikipedia:典范条目/2014年6月	zh
Wikipedia:典范条目/2014年6月10日	zh
Wikipedia:典范条目/2014年6月11日	zh
Wikipedia:典范条目/2014年6月14日	zh
Wikipedia:典范条目/2014年6月15日	zh
Wikipedia:典范条目/2014年6月17日	zh
Wikipedia:典范条目/2014年6月19日	zh
Wikipedia:典范条目/2014年6月1日	zh
Wikipedia:典范条目/2014年6月21日	zh
Wikipedia:典范条目/2014年6月22日	zh
Wikipedia:典范条目/2014年6月23日	zh
Wikipedia:典范条目/2014年6月24日	zh
Wikipedia:典范条目/2014年6月26日	zh
Wikipedia:典范条目/2014年6月28日	zh
Wikipedia:典范条目/2014年6月7日	zh
Wikipedia:典范条目/2014年7月	zh
Wikipedia:典范条目/2014年7月10日	zh
Wikipedia:典范条目/2014年7月12日	zh
Wikipedia:典范条目/2014年7月13日	zh
Wikipedia:典范条目/2014年7月14日	zh
Wikipedia:典范条目/2014年7月15日	zh
Wikipedia:典范条目/2014年7月17日	zh
Wikipedia:典范条目/2014年7月18日	zh
Wikipedia:典范条目/2014年7月1日	zh
Wikipedia:典范条目/2014年7月20日	zh
Wikipedia:典范条目/2014年7月22日	zh
Wikipedia:典范条目/2014年7月24日	zh
Wikipedia:典范条目/2014年7月26日	zh
Wikipedia:典范条目/2014年7月28日	zh
Wikipedia:典范条目/2014年7月29日	zh
Wikipedia:典范条目/2014年7月2日	zh
Wikipedia:典范条目/2014年7月30日	zh
Wikipedia:典范条目/2014年7月31日	zh
Wikipedia:典范条目/2014年7月3日	zh
Wikipedia:典范条目/2014年7月7日	zh
Wikipedia:典范条目/2014年7月8日	zh
Wikipedia:典范条目/2014年8月	zh
Wikipedia:典范条目/2014年8月10日	zh
Wikipedia:典范条目/2014年8月11日	zh
Wikipedia:典范条目/2014年8月13日	zh
Wikipedia:典范条目/2014年8月14日	zh
Wikipedia:典范条目/2014年8月15日	zh
Wikipedia:典范条目/2014年8月17日	zh
Wikipedia:典范条目/2014年8月18日	zh
Wikipedia:典范条目/2014年8月19日	zh
Wikipedia:典范条目/2014年8月1日	zh
Wikipedia:典范条目/2014年8月20日	zh
Wikipedia:典范条目/2014年8月21日	zh
Wikipedia:典范条目/2014年8月22日	zh
Wikipedia:典范条目/2014年8月24日	zh
Wikipedia:典范条目/2014年8月26日	zh
Wikipedia:典范条目/2014年8月27日	zh
Wikipedia:典范条目/2014年8月28日	zh
Wikipedia:典范条目/2014年8月29日	zh
Wikipedia:典范条目/2014年8月2日	zh
Wikipedia:典范条目/2014年8月30日	zh
Wikipedia:典范条目/2014年8月3日	zh
Wikipedia:典范条目/2014年8月4日	zh
Wikipedia:典范条目/2014年8月5日	zh
Wikipedia:典范条目/2014年8月6日	zh
Wikipedia:典范条目/2014年8月7日	zh
Wikipedia:典范条目/2014年8月8日	zh
Wikipedia:典范条目/2014年8月9日	zh
Wikipedia:典范条目/2014年9月	zh
Wikipedia:典范条目/2014年9月10日	zh
Wikipedia:典范条目/2014年9月11日	zh
Wikipedia:典范条目/2014年9月12日	zh
Wikipedia:典范条目/2014年9月13日	zh
Wikipedia:典范条目/2014年9月14日	zh
Wikipedia:典范条目/2014年9月16日	zh
Wikipedia:典范条目/2014年9月17日	zh
Wikipedia:典范条目/2014年9月18日	zh
Wikipedia:典范条目/2014年9月19日	zh
Wikipedia:典范条目/2014年9月1日	zh
Wikipedia:典范条目/2014年9月20日	zh
Wikipedia:典范条目/2014年9月21日	zh
Wikipedia:典范条目/2014年9月22日	zh
Wikipedia:典范条目/2014年9月23日	zh
Wikipedia:典范条目/2014年9月24日	zh
Wikipedia:典范条目/2014年9月25日	zh
Wikipedia:典范条目/2014年9月26日	zh
Wikipedia:典范条目/2014年9月27日	zh
Wikipedia:典范条目/2014年9月28日	zh
Wikipedia:典范条目/2014年9月29日	zh
Wikipedia:典范条目/2014年9月2日	zh
Wikipedia:典范条目/2014年9月4日	zh
Wikipedia:典范条目/2014年9月5日	zh
Wikipedia:典范条目/2014年9月6日	zh
Wikipedia:典范条目/2014年9月7日	zh
Wikipedia:典范条目/2014年9月8日	zh
Wikipedia:典范条目/2014年9月9日	zh
Wikipedia:典范条目/2015年10月	zh
Wikipedia:典范条目/2015年10月10日	zh
Wikipedia:典范条目/2015年10月11日	zh
Wikipedia:典范条目/2015年10月13日	zh
Wikipedia:典范条目/2015年10月14日	zh
Wikipedia:典范条目/2015年10月15日	zh
Wikipedia:典范条目/2015年10月16日	zh
Wikipedia:典范条目/2015年10月17日	zh
Wikipedia:典范条目/2015年10月18日	zh
Wikipedia:典范条目/2015年10月1日	zh
Wikipedia:典范条目/2015年10月20日	zh
Wikipedia:典范条目/2015年10月21日	zh
Wikipedia:典范条目/2015年10月22日	zh
Wikipedia:典范条目/2015年10月23日	zh
Wikipedia:典范条目/2015年10月24日	zh
Wikipedia:典范条目/2015年10月25日	zh
Wikipedia:典范条目/2015年10月26日	zh
Wikipedia:典范条目/2015年10月27日	zh
Wikipedia:典范条目/2015年10月28日	zh
Wikipedia:典范条目/2015年10月2日	zh
Wikipedia:典范条目/2015年10月31日	zh
Wikipedia:典范条目/2015年10月4日	zh
Wikipedia:典范条目/2015年10月5日	zh
Wikipedia:典范条目/2015年10月6日	zh
Wikipedia:典范条目/2015年10月8日	zh
Wikipedia:典范条目/2015年11月	zh
Wikipedia:典范条目/2015年11月11日	zh
Wikipedia:典范条目/2015年11月12日	zh
Wikipedia:典范条目/2015年11月13日	zh
Wikipedia:典范条目/2015年11月14日	zh
Wikipedia:典范条目/2015年11月15日	zh
Wikipedia:典范条目/2015年11月16日	zh
Wikipedia:典范条目/2015年11月17日	zh
Wikipedia:典范条目/2015年11月18日	zh
Wikipedia:典范条目/2015年11月19日	zh
Wikipedia:典范条目/2015年11月1日	zh
Wikipedia:典范条目/2015年11月20日	zh
Wikipedia:典范条目/2015年11月21日	zh
Wikipedia:典范条目/2015年11月22日	zh
Wikipedia:典范条目/2015年11月23日	zh
Wikipedia:典范条目/2015年11月24日	zh
Wikipedia:典范条目/2015年11月25日	zh
Wikipedia:典范条目/2015年11月26日	zh
Wikipedia:典范条目/2015年11月27日	zh
Wikipedia:典范条目/2015年11月28日	zh
Wikipedia:典范条目/2015年11月29日	zh
Wikipedia:典范条目/2015年11月2日	zh
Wikipedia:典范条目/2015年11月30日	zh
Wikipedia:典范条目/2015年11月3日	zh
Wikipedia:典范条目/2015年11月4日	zh
Wikipedia:典范条目/2015年11月5日	zh
Wikipedia:典范条目/2015年11月6日	zh
Wikipedia:典范条目/2015年11月7日	zh
Wikipedia:典范条目/2015年11月8日	zh
Wikipedia:典范条目/2015年11月9日	zh
Wikipedia:典范条目/2015年12月	zh
Wikipedia:典范条目/2015年12月10日	zh
Wikipedia:典范条目/2015年12月11日	zh
Wikipedia:典范条目/2015年12月12日	zh
Wikipedia:典范条目/2015年12月14日	zh
Wikipedia:典范条目/2015年12月15日	zh
Wikipedia:典范条目/2015年12月16日	zh
Wikipedia:典范条目/2015年12月17日	zh
Wikipedia:典范条目/2015年12月18日	zh
Wikipedia:典范条目/2015年12月19日	zh
Wikipedia:典范条目/2015年12月1日	zh
Wikipedia:典范条目/2015年12月20日	zh
Wikipedia:典范条目/2015年12月21日	zh
Wikipedia:典范条目/2015年12月22日	zh
Wikipedia:典范条目/2015年12月23日	zh
Wikipedia:典范条目/2015年12月24日	zh
Wikipedia:典范条目/2015年12月25日	zh
Wikipedia:典范条目/2015年12月26日	zh
Wikipedia:典范条目/2015年12月27日	zh
Wikipedia:典范条目/2015年12月28日	zh
Wikipedia:典范条目/2015年12月29日	zh
Wikipedia:典范条目/2015年12月30日	zh
Wikipedia:典范条目/2015年12月31日	zh
Wikipedia:典范条目/2015年12月3日	zh
Wikipedia:典范条目/2015年12月4日	zh
Wikipedia:典范条目/2015年12月5日	zh
Wikipedia:典范条目/2015年12月6日	zh
Wikipedia:典范条目/2015年12月7日	zh
Wikipedia:典范条目/2015年12月8日	zh
Wikipedia:典范条目/2015年12月9日	zh
Wikipedia:典范条目/2015年1月	zh
Wikipedia:典范条目/2015年1月10日	zh
Wikipedia:典范条目/2015年1月12日	zh
Wikipedia:典范条目/2015年1月14日	zh
Wikipedia:典范条目/2015年1月15日	zh
Wikipedia:典范条目/2015年1月20日	zh
Wikipedia:典范条目/2015年1月21日	zh
Wikipedia:典范条目/2015年1月22日	zh
Wikipedia:典范条目/2015年1月23日	zh
Wikipedia:典范条目/2015年1月24日	zh
Wikipedia:典范条目/2015年1月26日	zh
Wikipedia:典范条目/2015年1月2日	zh
Wikipedia:典范条目/2015年1月30日	zh
Wikipedia:典范条目/2015年1月31日	zh
Wikipedia:典范条目/2015年1月4日	zh
Wikipedia:典范条目/2015年1月5日	zh
Wikipedia:典范条目/2015年1月7日	zh
Wikipedia:典范条目/2015年2月	zh
Wikipedia:典范条目/2015年2月10日	zh
Wikipedia:典范条目/2015年2月11日	zh
Wikipedia:典范条目/2015年2月12日	zh
Wikipedia:典范条目/2015年2月13日	zh
Wikipedia:典范条目/2015年2月14日	zh
Wikipedia:典范条目/2015年2月15日	zh
Wikipedia:典范条目/2015年2月16日	zh
Wikipedia:典范条目/2015年2月17日	zh
Wikipedia:典范条目/2015年2月18日	zh
Wikipedia:典范条目/2015年2月19日	zh
Wikipedia:典范条目/2015年2月1日	zh
Wikipedia:典范条目/2015年2月20日	zh
Wikipedia:典范条目/2015年2月21日	zh
Wikipedia:典范条目/2015年2月22日	zh
Wikipedia:典范条目/2015年2月23日	zh
Wikipedia:典范条目/2015年2月24日	zh
Wikipedia:典范条目/2015年2月2日	zh
Wikipedia:典范条目/2015年2月3日	zh
Wikipedia:典范条目/2015年2月4日	zh
Wikipedia:典范条目/2015年2月5日	zh
Wikipedia:典范条目/2015年2月6日	zh
Wikipedia:典范条目/2015年2月7日	zh
Wikipedia:典范条目/2015年2月8日	zh
Wikipedia:典范条目/2015年2月9日	zh
Wikipedia:典范条目/2015年3月	zh
Wikipedia:典范条目/2015年3月10日	zh
Wikipedia:典范条目/2015年3月11日	zh
Wikipedia:典范条目/2015年3月12日	zh
Wikipedia:典范条目/2015年3月13日	zh
Wikipedia:典范条目/2015年3月14日	zh
Wikipedia:典范条目/2015年3月15日	zh
Wikipedia:典范条目/2015年3月16日	zh
Wikipedia:典范条目/2015年3月17日	zh
Wikipedia:典范条目/2015年3月18日	zh
Wikipedia:典范条目/2015年3月1日	zh
Wikipedia:典范条目/2015年3月20日	zh
Wikipedia:典范条目/2015年3月21日	zh
Wikipedia:典范条目/2015年3月22日	zh
Wikipedia:典范条目/2015年3月23日	zh
Wikipedia:典范条目/2015年3月24日	zh
Wikipedia:典范条目/2015年3月25日	zh
Wikipedia:典范条目/2015年3月26日	zh
Wikipedia:典范条目/2015年3月27日	zh
Wikipedia:典范条目/2015年3月28日	zh
Wikipedia:典范条目/2015年3月2日	zh
Wikipedia:典范条目/2015年3月30日	zh
Wikipedia:典范条目/2015年3月31日	zh
Wikipedia:典范条目/2015年3月3日	zh
Wikipedia:典范条目/2015年3月4日	zh
Wikipedia:典范条目/2015年3月5日	zh
Wikipedia:典范条目/2015年3月6日	zh
Wikipedia:典范条目/2015年3月7日	zh
Wikipedia:典范条目/2015年3月8日	zh
Wikipedia:典范条目/2015年3月9日	zh
Wikipedia:典范条目/2015年4月	zh
Wikipedia:典范条目/2015年4月10日	zh
Wikipedia:典范条目/2015年4月11日	zh
Wikipedia:典范条目/2015年4月12日	zh
Wikipedia:典范条目/2015年4月13日	zh
Wikipedia:典范条目/2015年4月14日	zh
Wikipedia:典范条目/2015年4月15日	zh
Wikipedia:典范条目/2015年4月16日	zh
Wikipedia:典范条目/2015年4月1日	zh
Wikipedia:典范条目/2015年4月20日	zh
Wikipedia:典范条目/2015年4月21日	zh
Wikipedia:典范条目/2015年4月22日	zh
Wikipedia:典范条目/2015年4月23日	zh
Wikipedia:典范条目/2015年4月24日	zh
Wikipedia:典范条目/2015年4月26日	zh
Wikipedia:典范条目/2015年4月27日	zh
Wikipedia:典范条目/2015年4月28日	zh
Wikipedia:典范条目/2015年4月29日	zh
Wikipedia:典范条目/2015年4月2日	zh
Wikipedia:典范条目/2015年4月4日	zh
Wikipedia:典范条目/2015年4月5日	zh
Wikipedia:典范条目/2015年4月6日	zh
Wikipedia:典范条目/2015年4月7日	zh
Wikipedia:典范条目/2015年4月8日	zh
Wikipedia:典范条目/2015年5月	zh
Wikipedia:典范条目/2015年5月13日	zh
Wikipedia:典范条目/2015年5月15日	zh
Wikipedia:典范条目/2015年5月16日	zh
Wikipedia:典范条目/2015年5月19日	zh
Wikipedia:典范条目/2015年5月1日	zh
Wikipedia:典范条目/2015年5月20日	zh
Wikipedia:典范条目/2015年5月21日	zh
Wikipedia:典范条目/2015年5月23日	zh
Wikipedia:典范条目/2015年5月24日	zh
Wikipedia:典范条目/2015年5月25日	zh
Wikipedia:典范条目/2015年5月26日	zh
Wikipedia:典范条目/2015年5月27日	zh
Wikipedia:典范条目/2015年5月28日	zh
Wikipedia:典范条目/2015年5月29日	zh
Wikipedia:典范条目/2015年5月2日	zh
Wikipedia:典范条目/2015年5月4日	zh
Wikipedia:典范条目/2015年5月5日	zh
Wikipedia:典范条目/2015年5月8日	zh
Wikipedia:典范条目/2015年5月9日	zh
Wikipedia:典范条目/2015年6月	zh
Wikipedia:典范条目/2015年6月10日	zh
Wikipedia:典范条目/2015年6月11日	zh
Wikipedia:典范条目/2015年6月12日	zh
Wikipedia:典范条目/2015年6月14日	zh
Wikipedia:典范条目/2015年6月19日	zh
Wikipedia:典范条目/2015年6月1日	zh
Wikipedia:典范条目/2015年6月20日	zh
Wikipedia:典范条目/2015年6月23日	zh
Wikipedia:典范条目/2015年6月24日	zh
Wikipedia:典范条目/2015年6月25日	zh
Wikipedia:典范条目/2015年6月26日	zh
Wikipedia:典范条目/2015年6月27日	zh
Wikipedia:典范条目/2015年6月28日	zh
Wikipedia:典范条目/2015年6月29日	zh
Wikipedia:典范条目/2015年6月30日	zh
Wikipedia:典范条目/2015年6月4日	zh
Wikipedia:典范条目/2015年6月5日	zh
Wikipedia:典范条目/2015年6月7日	zh
Wikipedia:典范条目/2015年6月8日	zh
Wikipedia:典范条目/2015年6月9日	zh
Wikipedia:典范条目/2015年7月	zh
Wikipedia:典范条目/2015年7月10日	zh
Wikipedia:典范条目/2015年7月11日	zh
Wikipedia:典范条目/2015年7月12日	zh
Wikipedia:典范条目/2015年7月13日	zh
Wikipedia:典范条目/2015年7月14日	zh
Wikipedia:典范条目/2015年7月15日	zh
Wikipedia:典范条目/2015年7月16日	zh
Wikipedia:典范条目/2015年7月17日	zh
Wikipedia:典范条目/2015年7月18日	zh
Wikipedia:典范条目/2015年7月19日	zh
Wikipedia:典范条目/2015年7月1日	zh
Wikipedia:典范条目/2015年7月20日	zh
Wikipedia:典范条目/2015年7月21日	zh
Wikipedia:典范条目/2015年7月22日	zh
Wikipedia:典范条目/2015年7月27日	zh
Wikipedia:典范条目/2015年7月2日	zh
Wikipedia:典范条目/2015年7月31日	zh
Wikipedia:典范条目/2015年7月4日	zh
Wikipedia:典范条目/2015年7月6日	zh
Wikipedia:典范条目/2015年7月7日	zh
Wikipedia:典范条目/2015年7月8日	zh
Wikipedia:典范条目/2015年7月9日	zh
Wikipedia:典范条目/2015年8月	zh
Wikipedia:典范条目/2015年8月10日	zh
Wikipedia:典范条目/2015年8月11日	zh
Wikipedia:典范条目/2015年8月12日	zh
Wikipedia:典范条目/2015年8月13日	zh
Wikipedia:典范条目/2015年8月14日	zh
Wikipedia:典范条目/2015年8月16日	zh
Wikipedia:典范条目/2015年8月18日	zh
Wikipedia:典范条目/2015年8月1日	zh
Wikipedia:典范条目/2015年8月20日	zh
Wikipedia:典范条目/2015年8月24日	zh
Wikipedia:典范条目/2015年8月25日	zh
Wikipedia:典范条目/2015年8月26日	zh
Wikipedia:典范条目/2015年8月28日	zh
Wikipedia:典范条目/2015年8月29日	zh
Wikipedia:典范条目/2015年8月30日	zh
Wikipedia:典范条目/2015年8月31日	zh
Wikipedia:典范条目/2015年8月3日	zh
Wikipedia:典范条目/2015年8月5日	zh
Wikipedia:典范条目/2015年8月6日	zh
Wikipedia:典范条目/2015年8月7日	zh
Wikipedia:典范条目/2015年8月8日	zh
Wikipedia:典范条目/2015年8月9日	zh
Wikipedia:典范条目/2015年9月	zh
Wikipedia:典范条目/2015年9月11日	zh
Wikipedia:典范条目/2015年9月12日	zh
Wikipedia:典范条目/2015年9月13日	zh
Wikipedia:典范条目/2015年9月14日	zh
Wikipedia:典范条目/2015年9月15日	zh
Wikipedia:典范条目/2015年9月16日	zh
Wikipedia:典范条目/2015年9月17日	zh
Wikipedia:典范条目/2015年9月18日	zh
Wikipedia:典范条目/2015年9月19日	zh
Wikipedia:典范条目/2015年9月1日	zh
Wikipedia:典范条目/2015年9月20日	zh
Wikipedia:典范条目/2015年9月21日	zh
Wikipedia:典范条目/2015年9月22日	zh
Wikipedia:典范条目/2015年9月23日	zh
Wikipedia:典范条目/2015年9月25日	zh
Wikipedia:典范条目/2015年9月26日	zh
Wikipedia:典范条目/2015年9月27日	zh
Wikipedia:典范条目/2015年9月29日	zh
Wikipedia:典范条目/2015年9月2日	zh
Wikipedia:典范条目/2015年9月3日	zh
Wikipedia:典范条目/2015年9月4日	zh
Wikipedia:典范条目/2015年9月5日	zh
Wikipedia:典范条目/2015年9月6日	zh
Wikipedia:典范条目/2015年9月7日	zh
Wikipedia:典范条目/2015年9月8日	zh
Wikipedia:典范条目/2015年9月9日	zh
Wikipedia:典范条目/2016年10月	zh
Wikipedia:典范条目/2016年10月10日	zh
Wikipedia:典范条目/2016年10月11日	zh
Wikipedia:典范条目/2016年10月12日	zh
Wikipedia:典范条目/2016年10月13日	zh
Wikipedia:典范条目/2016年10月14日	zh
Wikipedia:典范条目/2016年10月15日	zh
Wikipedia:典范条目/2016年10月16日	zh
Wikipedia:典范条目/2016年10月17日	zh
Wikipedia:典范条目/2016年10月18日	zh
Wikipedia:典范条目/2016年10月19日	zh
Wikipedia:典范条目/2016年10月20日	zh
Wikipedia:典范条目/2016年10月21日	zh
Wikipedia:典范条目/2016年10月22日	zh
Wikipedia:典范条目/2016年10月23日	zh
Wikipedia:典范条目/2016年10月24日	zh
Wikipedia:典范条目/2016年10月25日	zh
Wikipedia:典范条目/2016年10月26日	zh
Wikipedia:典范条目/2016年10月27日	zh
Wikipedia:典范条目/2016年10月28日	zh
Wikipedia:典范条目/2016年10月29日	zh
Wikipedia:典范条目/2016年10月2日	zh
Wikipedia:典范条目/2016年10月30日	zh
Wikipedia:典范条目/2016年10月31日	zh
Wikipedia:典范条目/2016年10月3日	zh
Wikipedia:典范条目/2016年10月4日	zh
Wikipedia:典范条目/2016年10月5日	zh
Wikipedia:典范条目/2016年10月6日	zh
Wikipedia:典范条目/2016年10月7日	zh
Wikipedia:典范条目/2016年10月8日	zh
Wikipedia:典范条目/2016年11月	zh
Wikipedia:典范条目/2016年11月10日	zh
Wikipedia:典范条目/2016年11月11日	zh
Wikipedia:典范条目/2016年11月12日	zh
Wikipedia:典范条目/2016年11月13日	zh
Wikipedia:典范条目/2016年11月14日	zh
Wikipedia:典范条目/2016年11月15日	zh
Wikipedia:典范条目/2016年11月16日	zh
Wikipedia:典范条目/2016年11月17日	zh
Wikipedia:典范条目/2016年11月18日	zh
Wikipedia:典范条目/2016年11月19日	zh
Wikipedia:典范条目/2016年11月1日	zh
Wikipedia:典范条目/2016年11月20日	zh
Wikipedia:典范条目/2016年11月21日	zh
Wikipedia:典范条目/2016年11月22日	zh
Wikipedia:典范条目/2016年11月23日	zh
Wikipedia:典范条目/2016年11月24日	zh
Wikipedia:典范条目/2016年11月25日	zh
Wikipedia:典范条目/2016年11月26日	zh
Wikipedia:典范条目/2016年11月27日	zh
Wikipedia:典范条目/2016年11月28日	zh
Wikipedia:典范条目/2016年11月2日	zh
Wikipedia:典范条目/2016年11月30日	zh
Wikipedia:典范条目/2016年11月3日	zh
Wikipedia:典范条目/2016年11月4日	zh
Wikipedia:典范条目/2016年11月5日	zh
Wikipedia:典范条目/2016年11月6日	zh
Wikipedia:典范条目/2016年11月7日	zh
Wikipedia:典范条目/2016年11月8日	zh
Wikipedia:典范条目/2016年11月9日	zh
Wikipedia:典范条目/2016年12月	zh
Wikipedia:典范条目/2016年12月10日	zh
Wikipedia:典范条目/2016年12月11日	zh
Wikipedia:典范条目/2016年12月12日	zh
Wikipedia:典范条目/2016年12月14日	zh
Wikipedia:典范条目/2016年12月15日	zh
Wikipedia:典范条目/2016年12月16日	zh
Wikipedia:典范条目/2016年12月17日	zh
Wikipedia:典范条目/2016年12月18日	zh
Wikipedia:典范条目/2016年12月19日	zh
Wikipedia:典范条目/2016年12月1日	zh
Wikipedia:典范条目/2016年12月20日	zh
Wikipedia:典范条目/2016年12月21日	zh
Wikipedia:典范条目/2016年12月22日	zh
Wikipedia:典范条目/2016年12月24日	zh
Wikipedia:典范条目/2016年12月27日	zh
Wikipedia:典范条目/2016年12月28日	zh
Wikipedia:典范条目/2016年12月29日	zh
Wikipedia:典范条目/2016年12月30日	zh
Wikipedia:典范条目/2016年12月31日	zh
Wikipedia:典范条目/2016年12月3日	zh
Wikipedia:典范条目/2016年12月5日	zh
Wikipedia:典范条目/2016年12月6日	zh
Wikipedia:典范条目/2016年12月8日	zh
Wikipedia:典范条目/2016年12月9日	zh
Wikipedia:典范条目/2016年1月	zh
Wikipedia:典范条目/2016年1月10日	zh
Wikipedia:典范条目/2016年1月12日	zh
Wikipedia:典范条目/2016年1月14日	zh
Wikipedia:典范条目/2016年1月15日	zh
Wikipedia:典范条目/2016年1月16日	zh
Wikipedia:典范条目/2016年1月18日	zh
Wikipedia:典范条目/2016年1月19日	zh
Wikipedia:典范条目/2016年1月1日	zh
Wikipedia:典范条目/2016年1月20日	zh
Wikipedia:典范条目/2016年1月21日	zh
Wikipedia:典范条目/2016年1月22日	zh
Wikipedia:典范条目/2016年1月23日	zh
Wikipedia:典范条目/2016年1月24日	zh
Wikipedia:典范条目/2016年1月25日	zh
Wikipedia:典范条目/2016年1月26日	zh
Wikipedia:典范条目/2016年1月27日	zh
Wikipedia:典范条目/2016年1月2日	zh
Wikipedia:典范条目/2016年1月30日	zh
Wikipedia:典范条目/2016年1月31日	zh
Wikipedia:典范条目/2016年1月3日	zh
Wikipedia:典范条目/2016年1月5日	zh
Wikipedia:典范条目/2016年1月6日	zh
Wikipedia:典范条目/2016年1月7日	zh
Wikipedia:典范条目/2016年1月8日	zh
Wikipedia:典范条目/2016年1月9日	zh
Wikipedia:典范条目/2016年2月	zh
Wikipedia:典范条目/2016年2月10日	zh
Wikipedia:典范条目/2016年2月11日	zh
Wikipedia:典范条目/2016年2月12日	zh
Wikipedia:典范条目/2016年2月13日	zh
Wikipedia:典范条目/2016年2月14日	zh
Wikipedia:典范条目/2016年2月16日	zh
Wikipedia:典范条目/2016年2月17日	zh
Wikipedia:典范条目/2016年2月18日	zh
Wikipedia:典范条目/2016年2月19日	zh
Wikipedia:典范条目/2016年2月1日	zh
Wikipedia:典范条目/2016年2月20日	zh
Wikipedia:典范条目/2016年2月22日	zh
Wikipedia:典范条目/2016年2月24日	zh
Wikipedia:典范条目/2016年2月25日	zh
Wikipedia:典范条目/2016年2月26日	zh
Wikipedia:典范条目/2016年2月27日	zh
Wikipedia:典范条目/2016年2月28日	zh
Wikipedia:典范条目/2016年2月29日	zh
Wikipedia:典范条目/2016年2月2日	zh
Wikipedia:典范条目/2016年2月3日	zh
Wikipedia:典范条目/2016年2月4日	zh
Wikipedia:典范条目/2016年2月5日	zh
Wikipedia:典范条目/2016年2月6日	zh
Wikipedia:典范条目/2016年2月7日	zh
Wikipedia:典范条目/2016年2月8日	zh
Wikipedia:典范条目/2016年2月9日	zh
Wikipedia:典范条目/2016年3月	zh
Wikipedia:典范条目/2016年3月11日	zh
Wikipedia:典范条目/2016年3月12日	zh
Wikipedia:典范条目/2016年3月13日	zh
Wikipedia:典范条目/2016年3月14日	zh
Wikipedia:典范条目/2016年3月15日	zh
Wikipedia:典范条目/2016年3月17日	zh
Wikipedia:典范条目/2016年3月18日	zh
Wikipedia:典范条目/2016年3月19日	zh
Wikipedia:典范条目/2016年3月29日	zh
Wikipedia:典范条目/2016年3月2日	zh
Wikipedia:典范条目/2016年3月31日	zh
Wikipedia:典范条目/2016年3月3日	zh
Wikipedia:典范条目/2016年3月5日	zh
Wikipedia:典范条目/2016年3月6日	zh
Wikipedia:典范条目/2016年3月7日	zh
Wikipedia:典范条目/2016年3月8日	zh
Wikipedia:典范条目/2016年3月9日	zh
Wikipedia:典范条目/2016年4月	zh
Wikipedia:典范条目/2016年4月10日	zh
Wikipedia:典范条目/2016年4月11日	zh
Wikipedia:典范条目/2016年4月13日	zh
Wikipedia:典范条目/2016年4月14日	zh
Wikipedia:典范条目/2016年4月15日	zh
Wikipedia:典范条目/2016年4月16日	zh
Wikipedia:典范条目/2016年4月17日	zh
Wikipedia:典范条目/2016年4月18日	zh
Wikipedia:典范条目/2016年4月19日	zh
Wikipedia:典范条目/2016年4月1日	zh
Wikipedia:典范条目/2016年4月20日	zh
Wikipedia:典范条目/2016年4月21日	zh
Wikipedia:典范条目/2016年4月22日	zh
Wikipedia:典范条目/2016年4月24日	zh
Wikipedia:典范条目/2016年4月25日	zh
Wikipedia:典范条目/2016年4月26日	zh
Wikipedia:典范条目/2016年4月29日	zh
Wikipedia:典范条目/2016年4月2日	zh
Wikipedia:典范条目/2016年4月5日	zh
Wikipedia:典范条目/2016年4月7日	zh
Wikipedia:典范条目/2016年4月8日	zh
Wikipedia:典范条目/2016年4月9日	zh
Wikipedia:典范条目/2016年5月	zh
Wikipedia:典范条目/2016年5月11日	zh
Wikipedia:典范条目/2016年5月13日	zh
Wikipedia:典范条目/2016年5月1日	zh
Wikipedia:典范条目/2016年5月25日	zh
Wikipedia:典范条目/2016年5月29日	zh
Wikipedia:典范条目/2016年5月31日	zh
Wikipedia:典范条目/2016年5月3日	zh
Wikipedia:典范条目/2016年5月5日	zh
Wikipedia:典范条目/2016年5月7日	zh
Wikipedia:典范条目/2016年6月	zh
Wikipedia:典范条目/2016年6月10日	zh
Wikipedia:典范条目/2016年6月20日	zh
Wikipedia:典范条目/2016年6月21日	zh
Wikipedia:典范条目/2016年6月22日	zh
Wikipedia:典范条目/2016年6月24日	zh
Wikipedia:典范条目/2016年6月26日	zh
Wikipedia:典范条目/2016年6月28日	zh
Wikipedia:典范条目/2016年6月6日	zh
Wikipedia:典范条目/2016年6月8日	zh
Wikipedia:典范条目/2016年7月	zh
Wikipedia:典范条目/2016年7月10日	zh
Wikipedia:典范条目/2016年7月12日	zh
Wikipedia:典范条目/2016年7月14日	zh
Wikipedia:典范条目/2016年7月15日	zh
Wikipedia:典范条目/2016年7月18日	zh
Wikipedia:典范条目/2016年7月20日	zh
Wikipedia:典范条目/2016年7月21日	zh
Wikipedia:典范条目/2016年7月22日	zh
Wikipedia:典范条目/2016年7月23日	zh
Wikipedia:典范条目/2016年7月26日	zh
Wikipedia:典范条目/2016年7月29日	zh
Wikipedia:典范条目/2016年7月30日	zh
Wikipedia:典范条目/2016年7月4日	zh
Wikipedia:典范条目/2016年7月6日	zh
Wikipedia:典范条目/2016年7月8日	zh
Wikipedia:典范条目/2016年7月9日	zh
Wikipedia:典范条目/2016年8月	zh
Wikipedia:典范条目/2016年8月10日	zh
Wikipedia:典范条目/2016年8月11日	zh
Wikipedia:典范条目/2016年8月12日	zh
Wikipedia:典范条目/2016年8月13日	zh
Wikipedia:典范条目/2016年8月14日	zh
Wikipedia:典范条目/2016年8月15日	zh
Wikipedia:典范条目/2016年8月16日	zh
Wikipedia:典范条目/2016年8月17日	zh
Wikipedia:典范条目/2016年8月18日	zh
Wikipedia:典范条目/2016年8月19日	zh
Wikipedia:典范条目/2016年8月1日	zh
Wikipedia:典范条目/2016年8月20日	zh
Wikipedia:典范条目/2016年8月21日	zh
Wikipedia:典范条目/2016年8月22日	zh
Wikipedia:典范条目/2016年8月23日	zh
Wikipedia:典范条目/2016年8月24日	zh
Wikipedia:典范条目/2016年8月25日	zh
Wikipedia:典范条目/2016年8月26日	zh
Wikipedia:典范条目/2016年8月27日	zh
Wikipedia:典范条目/2016年8月28日	zh
Wikipedia:典范条目/2016年8月29日	zh
Wikipedia:典范条目/2016年8月2日	zh
Wikipedia:典范条目/2016年8月30日	zh
Wikipedia:典范条目/2016年8月31日	zh
Wikipedia:典范条目/2016年8月4日	zh
Wikipedia:典范条目/2016年8月5日	zh
Wikipedia:典范条目/2016年8月6日	zh
Wikipedia:典范条目/2016年8月8日	zh
Wikipedia:典范条目/2016年8月9日	zh
Wikipedia:典范条目/2016年9月	zh
Wikipedia:典范条目/2016年9月12日	zh
Wikipedia:典范条目/2016年9月13日	zh
Wikipedia:典范条目/2016年9月14日	zh
Wikipedia:典范条目/2016年9月15日	zh
Wikipedia:典范条目/2016年9月16日	zh
Wikipedia:典范条目/2016年9月17日	zh
Wikipedia:典范条目/2016年9月1日	zh
Wikipedia:典范条目/2016年9月20日	zh
Wikipedia:典范条目/2016年9月21日	zh
Wikipedia:典范条目/2016年9月22日	zh
Wikipedia:典范条目/2016年9月23日	zh
Wikipedia:典范条目/2016年9月24日	zh
Wikipedia:典范条目/2016年9月25日	zh
Wikipedia:典范条目/2016年9月26日	zh
Wikipedia:典范条目/2016年9月27日	zh
Wikipedia:典范条目/2016年9月28日	zh
Wikipedia:典范条目/2016年9月29日	zh
Wikipedia:典范条目/2016年9月2日	zh
Wikipedia:典范条目/2016年9月30日	zh
Wikipedia:典范条目/2016年9月4日	zh
Wikipedia:典范条目/2016年9月5日	zh
Wikipedia:典范条目/2016年9月6日	zh
Wikipedia:典范条目/2016年9月9日	zh
Wikipedia:典范条目/2017年1月	zh
Wikipedia:典范条目/2017年1月10日	zh
Wikipedia:典范条目/2017年1月11日	zh
Wikipedia:典范条目/2017年1月12日	zh
Wikipedia:典范条目/2017年1月13日	zh
Wikipedia:典范条目/2017年1月14日	zh
Wikipedia:典范条目/2017年1月15日	zh
Wikipedia:典范条目/2017年1月16日	zh
Wikipedia:典范条目/2017年1月18日	zh
Wikipedia:典范条目/2017年1月1日	zh
Wikipedia:典范条目/2017年1月20日	zh
Wikipedia:典范条目/2017年1月21日	zh
Wikipedia:典范条目/2017年1月2日	zh
Wikipedia:典范条目/2017年1月3日	zh
Wikipedia:典范条目/2017年1月4日	zh
Wikipedia:典范条目/2017年1月5日	zh
Wikipedia:典范条目/2017年1月6日	zh
Wikipedia:典范条目/2017年2月	zh
Wikipedia:典范条目/2017年2月10日	zh
Wikipedia:典范条目/2017年2月11日	zh
Wikipedia:典范条目/2017年2月13日	zh
Wikipedia:典范条目/2017年2月14日	zh
Wikipedia:典范条目/2017年2月16日	zh
Wikipedia:典范条目/2017年2月17日	zh
Wikipedia:典范条目/2017年2月18日	zh
Wikipedia:典范条目/2017年2月19日	zh
Wikipedia:典范条目/2017年2月1日	zh
Wikipedia:典范条目/2017年2月23日	zh
Wikipedia:典范条目/2017年2月25日	zh
Wikipedia:典范条目/2017年2月26日	zh
Wikipedia:典范条目/2017年2月27日	zh
Wikipedia:典范条目/2017年2月2日	zh
Wikipedia:典范条目/2017年2月5日	zh
Wikipedia:典范条目/2017年2月6日	zh
Wikipedia:典范条目/2017年2月7日	zh
Wikipedia:典范条目/2017年3月11日	zh
Wikipedia:典范条目/2017年3月14日	zh
Wikipedia:典范条目/2017年3月17日	zh
Wikipedia:典范条目/2017年3月18日	zh
Wikipedia:典范条目/2017年3月19日	zh
Wikipedia:典范条目/2017年3月1日	zh
Wikipedia:典范条目/2017年3月20日	zh
Wikipedia:典范条目/2017年3月21日	zh
Wikipedia:典范条目/2017年3月22日	zh
Wikipedia:典范条目/2017年3月23日	zh
Wikipedia:典范条目/2017年3月27日	zh
Wikipedia:典范条目/2017年3月28日	zh
Wikipedia:典范条目/2017年3月29日	zh
Wikipedia:典范条目/2017年3月31日	zh
Wikipedia:典范条目/2017年3月3日	zh
Wikipedia:典范条目/2017年3月4日	zh
Wikipedia:典范条目/2017年3月6日	zh
Wikipedia:典范条目/2017年3月7日	zh
Wikipedia:典范条目/2017年3月9日	zh
Wikipedia:典范条目/2017年4月10日	zh
Wikipedia:典范条目/2017年4月11日	zh
Wikipedia:典范条目/2017年4月13日	zh
Wikipedia:典范条目/2017年4月17日	zh
Wikipedia:典范条目/2017年4月18日	zh
Wikipedia:典范条目/2017年4月19日	zh
Wikipedia:典范条目/2017年4月1日	zh
Wikipedia:典范条目/2017年4月21日	zh
Wikipedia:典范条目/2017年4月24日	zh
Wikipedia:典范条目/2017年4月26日	zh
Wikipedia:典范条目/2017年4月28日	zh
Wikipedia:典范条目/2017年4月29日	zh
Wikipedia:典范条目/2017年4月30日	zh
Wikipedia:典范条目/2017年4月4日	zh
Wikipedia:典范条目/2017年4月5日	zh
Wikipedia:典范条目/2017年4月7日	zh
Wikipedia:典范条目/2017年4月9日	zh
Wikipedia:典范条目/2017年5月	zh
Wikipedia:典范条目/2017年5月10日	zh
Wikipedia:典范条目/2017年5月11日	zh
Wikipedia:典范条目/2017年5月13日	zh
Wikipedia:典范条目/2017年5月15日	zh
Wikipedia:典范条目/2017年5月16日	zh
Wikipedia:典范条目/2017年5月17日	zh
Wikipedia:典范条目/2017年5月19日	zh
Wikipedia:典范条目/2017年5月1日	zh
Wikipedia:典范条目/2017年5月20日	zh
Wikipedia:典范条目/2017年5月21日	zh
Wikipedia:典范条目/2017年5月22日	zh
Wikipedia:典范条目/2017年5月23日	zh
Wikipedia:典范条目/2017年5月24日	zh
Wikipedia:典范条目/2017年5月25日	zh
Wikipedia:典范条目/2017年5月26日	zh
Wikipedia:典范条目/2017年5月27日	zh
Wikipedia:典范条目/2017年5月28日	zh
Wikipedia:典范条目/2017年5月29日	zh
Wikipedia:典范条目/2017年5月30日	zh
Wikipedia:典范条目/2017年5月31日	zh
Wikipedia:典范条目/2017年5月3日	zh
Wikipedia:典范条目/2017年5月4日	zh
Wikipedia:典范条目/2017年5月5日	zh
Wikipedia:典范条目/2017年5月6日	zh
Wikipedia:典范条目/2017年5月7日	zh
Wikipedia:典范条目/2017年5月8日	zh
Wikipedia:典范条目/2017年5月9日	zh
Wikipedia:典范条目/2017年6月	zh
Wikipedia:典范条目/2017年6月11日	zh
Wikipedia:典范条目/2017年6月12日	zh
Wikipedia:典范条目/2017年6月13日	zh
Wikipedia:典范条目/2017年6月14日	zh
Wikipedia:典范条目/2017年6月16日	zh
Wikipedia:典范条目/2017年6月19日	zh
Wikipedia:典范条目/2017年6月20日	zh
Wikipedia:典范条目/2017年6月22日	zh
Wikipedia:典范条目/2017年6月23日	zh
Wikipedia:典范条目/2017年6月27日	zh
Wikipedia:典范条目/2017年6月29日	zh
Wikipedia:典范条目/2017年6月30日	zh
Wikipedia:典范条目/2017年6月5日	zh
Wikipedia:典范条目/2017年6月6日	zh
Wikipedia:典范条目/2017年6月7日	zh
Wikipedia:典范条目/2017年6月8日	zh
Wikipedia:典范条目/2017年6月9日	zh
Wikipedia:典范条目/2017年7月	zh
Wikipedia:典范条目/2017年7月10日	zh
Wikipedia:典范条目/2017年7月11日	zh
Wikipedia:典范条目/2017年7月12日	zh
Wikipedia:典范条目/2017年7月13日	zh
Wikipedia:典范条目/2017年7月14日	zh
Wikipedia:典范条目/2017年7月17日	zh
Wikipedia:典范条目/2017年7月22日	zh
Wikipedia:典范条目/2017年7月24日	zh
Wikipedia:典范条目/2017年7月26日	zh
Wikipedia:典范条目/2017年7月27日	zh
Wikipedia:典范条目/2017年7月28日	zh
Wikipedia:典范条目/2017年7月29日	zh
Wikipedia:典范条目/2017年7月30日	zh
Wikipedia:典范条目/2017年7月31日	zh
Wikipedia:典范条目/2017年7月4日	zh
Wikipedia:典范条目/2017年7月5日	zh
Wikipedia:典范条目/2017年7月6日	zh
Wikipedia:典范条目/2017年7月8日	zh
Wikipedia:典范条目/2017年7月9日	zh
Wikipedia:典范条目/2017年8月	zh
Wikipedia:典范条目/2017年8月10日	zh
Wikipedia:典范条目/2017年8月14日	zh
Wikipedia:典范条目/2017年8月15日	zh
Wikipedia:典范条目/2017年8月16日	zh
Wikipedia:典范条目/2017年8月1日	zh
Wikipedia:典范条目/2017年8月7日	zh
Wikipedia:典范条目/2017年8月9日	zh
Wikipedia:典范条目/2020年4月	zh
Wikipedia:典范条目/2020年4月1日	zh
Wikipedia:典范条目/2020年4月2日	zh
Wikipedia:典范条目/2020年4月3日	zh
Wikipedia:典范条目/2020年4月4日	zh
Wikipedia:典范条目/2020年4月5日	zh
Wikipedia:典范条目/存档	zh
Wikipedia:典范条目/本杰明·富兰克林·蒂利	zh
Wikipedia:典范条目/美国二百周年纪念币	zh
Wikipedia:典范条目评选	zh
Wikipedia:典范条目评选/存档	zh
Wikipedia:典范条目评选/存档/2006年	zh
Wikipedia:内容声明	zh
Wikipedia:内容开放资源	zh
Wikipedia:内容相关性	zh
Wikipedia:内文引用	zh
Wikipedia:冒犯性内容	zh
Wikipedia:准确性争议	zh
Wikipedia:分类名称	zh
Wikipedia:分类方式	zh
Wikipedia:分類、列表與導航模板	zh
Wikipedia:分類索引	zh
Wikipedia:切題	zh
Wikipedia:列明来源	zh
Wikipedia:删除员	zh
Wikipedia:删除投票/档案	zh
Wikipedia:删除投票和请求	zh
Wikipedia:删除投票和请求/2004年12月30日	zh
Wikipedia:删除投票和请求/2004年7月27日	zh
Wikipedia:删除投票和请求/2006年10月16日	zh
Wikipedia:删除投票和请求/2006年11月26日	zh
Wikipedia:删除投票和请求/2006年7月18日	zh
Wikipedia:删除投票和请求/2007年3月18日	zh
Wikipedia:删除投票和请求/2007年5月29日	zh
Wikipedia:删除投票和请求/2007年6月8日	zh
Wikipedia:删除指南	zh
Wikipedia:删除方针	zh
Wikipedia:删除程序	zh
Wikipedia:删除纪录	zh
Wikipedia:删除纪录/存档	zh
Wikipedia:删除纪录/档案馆/2003年11月14日前	zh
Wikipedia:删除纪录/档案馆/2003年12月19日前	zh
Wikipedia:删除纪录/档案馆/2003年8月21日前	zh
Wikipedia:利益衝突	zh
Wikipedia:刪除主義	zh
Wikipedia:别惹维基	zh
Wikipedia:制定新規則時，沉默不代表同意	zh
Wikipedia:剧透内容	zh
Wikipedia:剪貼移動	zh
Wikipedia:創建條目精靈/創建分類	zh
Wikipedia:加里西亞語維基百科	zh
Wikipedia:勇于更新页面	zh
Wikipedia:動員令/第十七次動員令	zh
Wikipedia:動員令/第十七次動員令/個人貢獻	zh
Wikipedia:包容不是關注度指標	zh
Wikipedia:化学信息框	zh
Wikipedia:化学词汇译名表/化学性质表词汇翻译	zh
Wikipedia:医学声明	zh
Wikipedia:匿名搗蛋	zh
Wikipedia:十個編輯維基百科的簡單規則	zh
Wikipedia:半保護	zh
Wikipedia:协作计划	zh
Wikipedia:協商	zh
Wikipedia:南非语维基百科	zh
Wikipedia:即时联系维基人	zh
Wikipedia:即時聊天頻道導則	zh
Wikipedia:历史上的今天	zh
Wikipedia:历史上的今天/10月	zh
Wikipedia:历史上的今天/10月10日	zh
Wikipedia:历史上的今天/10月11日	zh
Wikipedia:历史上的今天/10月12日	zh
Wikipedia:历史上的今天/10月13日	zh
Wikipedia:历史上的今天/10月14日	zh
Wikipedia:历史上的今天/10月15日	zh
Wikipedia:历史上的今天/10月16日	zh
Wikipedia:历史上的今天/10月17日	zh
Wikipedia:历史上的今天/10月18日	zh
Wikipedia:历史上的今天/10月19日	zh
Wikipedia:历史上的今天/10月1日	zh
Wikipedia:历史上的今天/10月20日	zh
Wikipedia:历史上的今天/10月21日	zh
Wikipedia:历史上的今天/10月22日	zh
Wikipedia:历史上的今天/10月23日	zh
Wikipedia:历史上的今天/10月24日	zh
Wikipedia:历史上的今天/10月25日	zh
Wikipedia:历史上的今天/10月26日	zh
Wikipedia:历史上的今天/10月27日	zh
Wikipedia:历史上的今天/10月28日	zh
Wikipedia:历史上的今天/10月29日	zh
Wikipedia:历史上的今天/10月2日	zh
Wikipedia:历史上的今天/10月30日	zh
Wikipedia:历史上的今天/10月31日	zh
Wikipedia:历史上的今天/10月3日	zh
Wikipedia:历史上的今天/10月4日	zh
Wikipedia:历史上的今天/10月5日	zh
Wikipedia:历史上的今天/10月6日	zh
Wikipedia:历史上的今天/10月7日	zh
Wikipedia:历史上的今天/10月8日	zh
Wikipedia:历史上的今天/10月9日	zh
Wikipedia:历史上的今天/11月	zh
Wikipedia:历史上的今天/11月10日	zh
Wikipedia:历史上的今天/11月11日	zh
Wikipedia:历史上的今天/11月12日	zh
Wikipedia:历史上的今天/11月13日	zh
Wikipedia:历史上的今天/11月14日	zh
Wikipedia:历史上的今天/11月15日	zh
Wikipedia:历史上的今天/11月16日	zh
Wikipedia:历史上的今天/11月17日	zh
Wikipedia:历史上的今天/11月18日	zh
Wikipedia:历史上的今天/11月19日	zh
Wikipedia:历史上的今天/11月1日	zh
Wikipedia:历史上的今天/11月20日	zh
Wikipedia:历史上的今天/11月21日	zh
Wikipedia:历史上的今天/11月22日	zh
Wikipedia:历史上的今天/11月23日	zh
Wikipedia:历史上的今天/11月24日	zh
Wikipedia:历史上的今天/11月25日	zh
Wikipedia:历史上的今天/11月26日	zh
Wikipedia:历史上的今天/11月27日	zh
Wikipedia:历史上的今天/11月28日	zh
Wikipedia:历史上的今天/11月29日	zh
Wikipedia:历史上的今天/11月2日	zh
Wikipedia:历史上的今天/11月30日	zh
Wikipedia:历史上的今天/11月3日	zh
Wikipedia:历史上的今天/11月4日	zh
Wikipedia:历史上的今天/11月5日	zh
Wikipedia:历史上的今天/11月6日	zh
Wikipedia:历史上的今天/11月7日	zh
Wikipedia:历史上的今天/11月8日	zh
Wikipedia:历史上的今天/11月9日	zh
Wikipedia:历史上的今天/12月	zh
Wikipedia:历史上的今天/12月10日	zh
Wikipedia:历史上的今天/12月11日	zh
Wikipedia:历史上的今天/12月12日	zh
Wikipedia:历史上的今天/12月13日	zh
Wikipedia:历史上的今天/12月14日	zh
Wikipedia:历史上的今天/12月15日	zh
Wikipedia:历史上的今天/12月16日	zh
Wikipedia:历史上的今天/12月17日	zh
Wikipedia:历史上的今天/12月18日	zh
Wikipedia:历史上的今天/12月19日	zh
Wikipedia:历史上的今天/12月1日	zh
Wikipedia:历史上的今天/12月20日	zh
Wikipedia:历史上的今天/12月21日	zh
Wikipedia:历史上的今天/12月22日	zh
Wikipedia:历史上的今天/12月23日	zh
Wikipedia:历史上的今天/12月24日	zh
Wikipedia:历史上的今天/12月25日	zh
Wikipedia:历史上的今天/12月26日	zh
Wikipedia:历史上的今天/12月27日	zh
Wikipedia:历史上的今天/12月28日	zh
Wikipedia:历史上的今天/12月29日	zh
Wikipedia:历史上的今天/12月2日	zh
Wikipedia:历史上的今天/12月30日	zh
Wikipedia:历史上的今天/12月31日	zh
Wikipedia:历史上的今天/12月3日	zh
Wikipedia:历史上的今天/12月4日	zh
Wikipedia:历史上的今天/12月5日	zh
Wikipedia:历史上的今天/12月6日	zh
Wikipedia:历史上的今天/12月7日	zh
Wikipedia:历史上的今天/12月8日	zh
Wikipedia:历史上的今天/12月9日	zh
Wikipedia:历史上的今天/1月	zh
Wikipedia:历史上的今天/1月10日	zh
Wikipedia:历史上的今天/1月11日	zh
Wikipedia:历史上的今天/1月12日	zh
Wikipedia:历史上的今天/1月13日	zh
Wikipedia:历史上的今天/1月14日	zh
Wikipedia:历史上的今天/1月15日	zh
Wikipedia:历史上的今天/1月16日	zh
Wikipedia:历史上的今天/1月17日	zh
Wikipedia:历史上的今天/1月18日	zh
Wikipedia:历史上的今天/1月19日	zh
Wikipedia:历史上的今天/1月1日	zh
Wikipedia:历史上的今天/1月20日	zh
Wikipedia:历史上的今天/1月21日	zh
Wikipedia:历史上的今天/1月22日	zh
Wikipedia:历史上的今天/1月23日	zh
Wikipedia:历史上的今天/1月24日	zh
Wikipedia:历史上的今天/1月25日	zh
Wikipedia:历史上的今天/1月26日	zh
Wikipedia:历史上的今天/1月27日	zh
Wikipedia:历史上的今天/1月28日	zh
Wikipedia:历史上的今天/1月29日	zh
Wikipedia:历史上的今天/1月2日	zh
Wikipedia:历史上的今天/1月30日	zh
Wikipedia:历史上的今天/1月31日	zh
Wikipedia:历史上的今天/1月3日	zh
Wikipedia:历史上的今天/1月4日	zh
Wikipedia:历史上的今天/1月5日	zh
Wikipedia:历史上的今天/1月6日	zh
Wikipedia:历史上的今天/1月7日	zh
Wikipedia:历史上的今天/1月8日	zh
Wikipedia:历史上的今天/1月9日	zh
Wikipedia:历史上的今天/2月	zh
Wikipedia:历史上的今天/2月10日	zh
Wikipedia:历史上的今天/2月11日	zh
Wikipedia:历史上的今天/2月12日	zh
Wikipedia:历史上的今天/2月13日	zh
Wikipedia:历史上的今天/2月14日	zh
Wikipedia:历史上的今天/2月15日	zh
Wikipedia:历史上的今天/2月16日	zh
Wikipedia:历史上的今天/2月17日	zh
Wikipedia:历史上的今天/2月18日	zh
Wikipedia:历史上的今天/2月19日	zh
Wikipedia:历史上的今天/2月1日	zh
Wikipedia:历史上的今天/2月20日	zh
Wikipedia:历史上的今天/2月21日	zh
Wikipedia:历史上的今天/2月22日	zh
Wikipedia:历史上的今天/2月23日	zh
Wikipedia:历史上的今天/2月24日	zh
Wikipedia:历史上的今天/2月25日	zh
Wikipedia:历史上的今天/2月26日	zh
Wikipedia:历史上的今天/2月27日	zh
Wikipedia:历史上的今天/2月28日	zh
Wikipedia:历史上的今天/2月29日	zh
Wikipedia:历史上的今天/2月2日	zh
Wikipedia:历史上的今天/2月3日	zh
Wikipedia:历史上的今天/2月4日	zh
Wikipedia:历史上的今天/2月5日	zh
Wikipedia:历史上的今天/2月6日	zh
Wikipedia:历史上的今天/2月7日	zh
Wikipedia:历史上的今天/2月8日	zh
Wikipedia:历史上的今天/2月9日	zh
Wikipedia:历史上的今天/3月	zh
Wikipedia:历史上的今天/3月10日	zh
Wikipedia:历史上的今天/3月11日	zh
Wikipedia:历史上的今天/3月12日	zh
Wikipedia:历史上的今天/3月13日	zh
Wikipedia:历史上的今天/3月14日	zh
Wikipedia:历史上的今天/3月15日	zh
Wikipedia:历史上的今天/3月16日	zh
Wikipedia:历史上的今天/3月17日	zh
Wikipedia:历史上的今天/3月18日	zh
Wikipedia:历史上的今天/3月19日	zh
Wikipedia:历史上的今天/3月1日	zh
Wikipedia:历史上的今天/3月20日	zh
Wikipedia:历史上的今天/3月21日	zh
Wikipedia:历史上的今天/3月22日	zh
Wikipedia:历史上的今天/3月23日	zh
Wikipedia:历史上的今天/3月24日	zh
Wikipedia:历史上的今天/3月25日	zh
Wikipedia:历史上的今天/3月26日	zh
Wikipedia:历史上的今天/3月27日	zh
Wikipedia:历史上的今天/3月28日	zh
Wikipedia:历史上的今天/3月29日	zh
Wikipedia:历史上的今天/3月2日	zh
Wikipedia:历史上的今天/3月30日	zh
Wikipedia:历史上的今天/3月31日	zh
Wikipedia:历史上的今天/3月3日	zh
Wikipedia:历史上的今天/3月4日	zh
Wikipedia:历史上的今天/3月5日	zh
Wikipedia:历史上的今天/3月6日	zh
Wikipedia:历史上的今天/3月7日	zh
Wikipedia:历史上的今天/3月8日	zh
Wikipedia:历史上的今天/3月9日	zh
Wikipedia:历史上的今天/4月	zh
Wikipedia:历史上的今天/4月10日	zh
Wikipedia:历史上的今天/4月11日	zh
Wikipedia:历史上的今天/4月12日	zh
Wikipedia:历史上的今天/4月13日	zh
Wikipedia:历史上的今天/4月14日	zh
Wikipedia:历史上的今天/4月15日	zh
Wikipedia:历史上的今天/4月16日	zh
Wikipedia:历史上的今天/4月17日	zh
Wikipedia:历史上的今天/4月18日	zh
Wikipedia:历史上的今天/4月19日	zh
Wikipedia:历史上的今天/4月1日	zh
Wikipedia:历史上的今天/4月20日	zh
Wikipedia:历史上的今天/4月21日	zh
Wikipedia:历史上的今天/4月22日	zh
Wikipedia:历史上的今天/4月23日	zh
Wikipedia:历史上的今天/4月24日	zh
Wikipedia:历史上的今天/4月25日	zh
Wikipedia:历史上的今天/4月26日	zh
Wikipedia:历史上的今天/4月27日	zh
Wikipedia:历史上的今天/4月28日	zh
Wikipedia:历史上的今天/4月29日	zh
Wikipedia:历史上的今天/4月2日	zh
Wikipedia:历史上的今天/4月30日	zh
Wikipedia:历史上的今天/4月3日	zh
Wikipedia:历史上的今天/4月4日	zh
Wikipedia:历史上的今天/4月5日	zh
Wikipedia:历史上的今天/4月6日	zh
Wikipedia:历史上的今天/4月7日	zh
Wikipedia:历史上的今天/4月8日	zh
Wikipedia:历史上的今天/4月9日	zh
Wikipedia:历史上的今天/5月	zh
Wikipedia:历史上的今天/5月10日	zh
Wikipedia:历史上的今天/5月11日	zh
Wikipedia:历史上的今天/5月12日	zh
Wikipedia:历史上的今天/5月13日	zh
Wikipedia:历史上的今天/5月14日	zh
Wikipedia:历史上的今天/5月15日	zh
Wikipedia:历史上的今天/5月16日	zh
Wikipedia:历史上的今天/5月17日	zh
Wikipedia:历史上的今天/5月18日	zh
Wikipedia:历史上的今天/5月19日	zh
Wikipedia:历史上的今天/5月1日	zh
Wikipedia:历史上的今天/5月20日	zh
Wikipedia:历史上的今天/5月21日	zh
Wikipedia:历史上的今天/5月22日	zh
Wikipedia:历史上的今天/5月23日	zh
Wikipedia:历史上的今天/5月24日	zh
Wikipedia:历史上的今天/5月25日	zh
Wikipedia:历史上的今天/5月26日	zh
Wikipedia:历史上的今天/5月27日	zh
Wikipedia:历史上的今天/5月28日	zh
Wikipedia:历史上的今天/5月29日	zh
Wikipedia:历史上的今天/5月2日	zh
Wikipedia:历史上的今天/5月30日	zh
Wikipedia:历史上的今天/5月31日	zh
Wikipedia:历史上的今天/5月3日	zh
Wikipedia:历史上的今天/5月4日	zh
Wikipedia:历史上的今天/5月5日	zh
Wikipedia:历史上的今天/5月6日	zh
Wikipedia:历史上的今天/5月7日	zh
Wikipedia:历史上的今天/5月8日	zh
Wikipedia:历史上的今天/5月9日	zh
Wikipedia:历史上的今天/6月	zh
Wikipedia:历史上的今天/6月10日	zh
Wikipedia:历史上的今天/6月11日	zh
Wikipedia:历史上的今天/6月12日	zh
Wikipedia:历史上的今天/6月13日	zh
Wikipedia:历史上的今天/6月14日	zh
Wikipedia:历史上的今天/6月15日	zh
Wikipedia:历史上的今天/6月16日	zh
Wikipedia:历史上的今天/6月17日	zh
Wikipedia:历史上的今天/6月18日	zh
Wikipedia:历史上的今天/6月19日	zh
Wikipedia:历史上的今天/6月1日	zh
Wikipedia:历史上的今天/6月20日	zh
Wikipedia:历史上的今天/6月21日	zh
Wikipedia:历史上的今天/6月22日	zh
Wikipedia:历史上的今天/6月23日	zh
Wikipedia:历史上的今天/6月24日	zh
Wikipedia:历史上的今天/6月25日	zh
Wikipedia:历史上的今天/6月26日	zh
Wikipedia:历史上的今天/6月27日	zh
Wikipedia:历史上的今天/6月28日	zh
Wikipedia:历史上的今天/6月29日	zh
Wikipedia:历史上的今天/6月2日	zh
Wikipedia:历史上的今天/6月30日	zh
Wikipedia:历史上的今天/6月3日	zh
Wikipedia:历史上的今天/6月4日	zh
Wikipedia:历史上的今天/6月5日	zh
Wikipedia:历史上的今天/6月6日	zh
Wikipedia:历史上的今天/6月7日	zh
Wikipedia:历史上的今天/6月8日	zh
Wikipedia:历史上的今天/6月9日	zh
Wikipedia:历史上的今天/7月	zh
Wikipedia:历史上的今天/7月10日	zh
Wikipedia:历史上的今天/7月11日	zh
Wikipedia:历史上的今天/7月12日	zh
Wikipedia:历史上的今天/7月13日	zh
Wikipedia:历史上的今天/7月14日	zh
Wikipedia:历史上的今天/7月15日	zh
Wikipedia:历史上的今天/7月16日	zh
Wikipedia:历史上的今天/7月17日	zh
Wikipedia:历史上的今天/7月18日	zh
Wikipedia:历史上的今天/7月19日	zh
Wikipedia:历史上的今天/7月1日	zh
Wikipedia:历史上的今天/7月20日	zh
Wikipedia:历史上的今天/7月21日	zh
Wikipedia:历史上的今天/7月22日	zh
Wikipedia:历史上的今天/7月23日	zh
Wikipedia:历史上的今天/7月24日	zh
Wikipedia:历史上的今天/7月25日	zh
Wikipedia:历史上的今天/7月26日	zh
Wikipedia:历史上的今天/7月27日	zh
Wikipedia:历史上的今天/7月28日	zh
Wikipedia:历史上的今天/7月29日	zh
Wikipedia:历史上的今天/7月2日	zh
Wikipedia:历史上的今天/7月30日	zh
Wikipedia:历史上的今天/7月31日	zh
Wikipedia:历史上的今天/7月3日	zh
Wikipedia:历史上的今天/7月4日	zh
Wikipedia:历史上的今天/7月5日	zh
Wikipedia:历史上的今天/7月6日	zh
Wikipedia:历史上的今天/7月7日	zh
Wikipedia:历史上的今天/7月8日	zh
Wikipedia:历史上的今天/7月9日	zh
Wikipedia:历史上的今天/8月	zh
Wikipedia:历史上的今天/8月10日	zh
Wikipedia:历史上的今天/8月11日	zh
Wikipedia:历史上的今天/8月12日	zh
Wikipedia:历史上的今天/8月13日	zh
Wikipedia:历史上的今天/8月14日	zh
Wikipedia:历史上的今天/8月15日	zh
Wikipedia:历史上的今天/8月16日	zh
Wikipedia:历史上的今天/8月17日	zh
Wikipedia:历史上的今天/8月18日	zh
Wikipedia:历史上的今天/8月19日	zh
Wikipedia:历史上的今天/8月1日	zh
Wikipedia:历史上的今天/8月20日	zh
Wikipedia:历史上的今天/8月21日	zh
Wikipedia:历史上的今天/8月22日	zh
Wikipedia:历史上的今天/8月23日	zh
Wikipedia:历史上的今天/8月24日	zh
Wikipedia:历史上的今天/8月25日	zh
Wikipedia:历史上的今天/8月26日	zh
Wikipedia:历史上的今天/8月27日	zh
Wikipedia:历史上的今天/8月28日	zh
Wikipedia:历史上的今天/8月29日	zh
Wikipedia:历史上的今天/8月2日	zh
Wikipedia:历史上的今天/8月30日	zh
Wikipedia:历史上的今天/8月31日	zh
Wikipedia:历史上的今天/8月3日	zh
Wikipedia:历史上的今天/8月4日	zh
Wikipedia:历史上的今天/8月5日	zh
Wikipedia:历史上的今天/8月6日	zh
Wikipedia:历史上的今天/8月7日	zh
Wikipedia:历史上的今天/8月8日	zh
Wikipedia:历史上的今天/8月9日	zh
Wikipedia:历史上的今天/9月	zh
Wikipedia:历史上的今天/9月10日	zh
Wikipedia:历史上的今天/9月11日	zh
Wikipedia:历史上的今天/9月12日	zh
Wikipedia:历史上的今天/9月13日	zh
Wikipedia:历史上的今天/9月14日	zh
Wikipedia:历史上的今天/9月15日	zh
Wikipedia:历史上的今天/9月16日	zh
Wikipedia:历史上的今天/9月17日	zh
Wikipedia:历史上的今天/9月18日	zh
Wikipedia:历史上的今天/9月19日	zh
Wikipedia:历史上的今天/9月1日	zh
Wikipedia:历史上的今天/9月20日	zh
Wikipedia:历史上的今天/9月21日	zh
Wikipedia:历史上的今天/9月22日	zh
Wikipedia:历史上的今天/9月23日	zh
Wikipedia:历史上的今天/9月24日	zh
Wikipedia:历史上的今天/9月25日	zh
Wikipedia:历史上的今天/9月26日	zh
Wikipedia:历史上的今天/9月27日	zh
Wikipedia:历史上的今天/9月28日	zh
Wikipedia:历史上的今天/9月29日	zh
Wikipedia:历史上的今天/9月2日	zh
Wikipedia:历史上的今天/9月30日	zh
Wikipedia:历史上的今天/9月3日	zh
Wikipedia:历史上的今天/9月4日	zh
Wikipedia:历史上的今天/9月5日	zh
Wikipedia:历史上的今天/9月6日	zh
Wikipedia:历史上的今天/9月7日	zh
Wikipedia:历史上的今天/9月8日	zh
Wikipedia:历史上的今天/9月9日	zh
Wikipedia:历史上的今天/日期	zh
Wikipedia:历史上的今天/月份	zh
Wikipedia:参与者常见问题解答	zh
Wikipedia:參考文獻工具列	zh
Wikipedia:參考文獻工具列/2.0	zh
Wikipedia:參與貢獻	zh
Wikipedia:參與貢獻/註冊	zh
Wikipedia:友善計畫	zh
Wikipedia:双周提示/2010年9月4日	zh
Wikipedia:反破壞工作小組	zh
Wikipedia:反破壞工作小組/反破壞工作小組成員申請/存檔/61	zh
Wikipedia:受限制素材	zh
Wikipedia:古諺文支援	zh
Wikipedia:只建立與內容相關的連結	zh
Wikipedia:只有情节介绍的虚构作品条目	zh
Wikipedia:可供查證	zh
Wikipedia:可视化编辑器	zh
Wikipedia:可视化编辑器/快捷键	zh
Wikipedia:可视化编辑器/用户指南	zh
Wikipedia:可视化编辑器/选择加入	zh
Wikipedia:可靠來源 (醫學)	zh
Wikipedia:可靠來源 (醫學)/常見問題解答	zh
Wikipedia:可靠来源	zh
Wikipedia:可靠来源/布告板	zh
Wikipedia:可靠来源/常见有争议来源列表	zh
Wikipedia:可靠来源/常见有争议来源列表/Last	zh
Wikipedia:可靠来源/常见有争议来源列表/Status	zh
Wikipedia:可靠来源/常见有争议来源列表/Uses	zh
Wikipedia:台灣維基媒體協會/會訊	zh
Wikipedia:各地布告板	zh
Wikipedia:合并请求	zh
Wikipedia:合并页面	zh
Wikipedia:合理使用	zh
Wikipedia:合理使用準則	zh
Wikipedia:吉米威爾斯的原則聲明	zh
Wikipedia:同行评审	zh
Wikipedia:同行评审/存档/2009年	zh
Wikipedia:同行评审/存档/2011年	zh
Wikipedia:同行评审/富兰克林·德拉诺·罗斯福	zh
Wikipedia:同行评审/精英大師/第三次	zh
Wikipedia:同類索引條目	zh
Wikipedia:向吉米·威爾斯申訴	zh
Wikipedia:命名常規 (事件)	zh
Wikipedia:命名常規 (天體)	zh
Wikipedia:命名常規 (電視)	zh
Wikipedia:命名常规	zh
Wikipedia:命名常规/大写	zh
Wikipedia:命名常规 (书籍)	zh
Wikipedia:命名常规 (人名)	zh
Wikipedia:命名常规 (化学)	zh
Wikipedia:命名常规 (技术限制)	zh
Wikipedia:命名常规 (电子游戏)	zh
Wikipedia:命名常规 (音乐)	zh
Wikipedia:命名空间	zh
Wikipedia:和谐编辑俱乐部	zh
Wikipedia:問題	zh
Wikipedia:單一來源的條目	zh
Wikipedia:單一用途帳號	zh
Wikipedia:回退	zh
Wikipedia:回退、封禁、不理會	zh
Wikipedia:回退不过三原则	zh
Wikipedia:回退功能	zh
Wikipedia:回饋請求服務	zh
Wikipedia:困難排解手冊	zh
Wikipedia:图像实验室	zh
Wikipedia:图片请求	zh
Wikipedia:國家及地區標示模板	zh
Wikipedia:圖像的替代文字	zh
Wikipedia:圖片同行評審	zh
Wikipedia:在维基百科内复制内容	zh
Wikipedia:在编辑战中应当避免的论据	zh
Wikipedia:坏笑话和删除的胡话	zh
Wikipedia:坏笑话和删除的胡话/Template:Uw-delmain1	zh
Wikipedia:坏笑话和删除的胡话/旋转	zh
Wikipedia:垃圾内容	zh
Wikipedia:基本常见问题解答	zh
Wikipedia:基督教興趣小組	zh
Wikipedia:基礎條目	zh
Wikipedia:基礎條目/1.2	zh
Wikipedia:基礎條目/1.3	zh
Wikipedia:基礎條目/va2	zh
Wikipedia:基礎條目/人物	zh
Wikipedia:基礎條目/擴展	zh
Wikipedia:基礎條目/擴展/人物	zh
Wikipedia:基礎條目/擴展/哲學和宗教	zh
Wikipedia:基礎條目/擴展/地理	zh
Wikipedia:基礎條目/擴展/技術	zh
Wikipedia:基礎條目/擴展/數學	zh
Wikipedia:基礎條目/擴展/日常生活	zh
Wikipedia:基礎條目/擴展/歷史	zh
Wikipedia:基礎條目/擴展/生物學和健康科學	zh
Wikipedia:基礎條目/擴展/社會和社會科學	zh
Wikipedia:基礎條目/擴展/自然科學	zh
Wikipedia:基礎條目/擴展/藝術	zh
Wikipedia:基礎條目/歷史與地理	zh
Wikipedia:基礎條目/社會、語文與藝術	zh
Wikipedia:基礎條目/科學、數學與技術	zh
Wikipedia:基礎條目/第一級	zh
Wikipedia:基礎條目/第二級	zh
Wikipedia:基礎條目/第五級	zh
Wikipedia:基礎條目/第五級/人物	zh
Wikipedia:基礎條目/第五級/人物/作家及撰稿人	zh
Wikipedia:基礎條目/第五級/人物/其他	zh
Wikipedia:基礎條目/第五級/人物/哲學、歷史人物及社會科學家	zh
Wikipedia:基礎條目/第五級/人物/宗教人物	zh
Wikipedia:基礎條目/第五級/人物/政治家及領導人	zh
Wikipedia:基礎條目/第五級/人物/科學家、發明家及數學家	zh
Wikipedia:基礎條目/第五級/人物/藝人、導演、製片人及電影編劇	zh
Wikipedia:基礎條目/第五級/人物/藝術家、音樂家及作曲家	zh
Wikipedia:基礎條目/第五級/人物/軍事領導人、革命分子及活躍分子	zh
Wikipedia:基礎條目/第五級/人物/運動員	zh
Wikipedia:基礎條目/第五級/哲學與宗教	zh
Wikipedia:基礎條目/第五級/地理/國家及行政區劃	zh
Wikipedia:基礎條目/第五級/地理/城市	zh
Wikipedia:基礎條目/第五級/地理/自然地理學	zh
Wikipedia:基礎條目/第五級/數學	zh
Wikipedia:基礎條目/第五級/日常生活/體育運動、遊戲及休閒活動	zh
Wikipedia:基礎條目/第五級/服裝、烹飪、食物和家庭	zh
Wikipedia:基礎條目/第五級/歷史	zh
Wikipedia:基礎條目/第五級/生物及健康科學/健康	zh
Wikipedia:基礎條目/第五級/生物及健康科學/動物	zh
Wikipedia:基礎條目/第五級/生物及健康科學/植物、菌類及其他微生物	zh
Wikipedia:基礎條目/第五級/生物及健康科學/生物、生物化學、解剖學及生理學	zh
Wikipedia:基礎條目/第五級/社會科學	zh
Wikipedia:基礎條目/第五級/科技	zh
Wikipedia:基礎條目/第五級/自然科學/化學	zh
Wikipedia:基礎條目/第五級/自然科學/地球科學	zh
Wikipedia:基礎條目/第五級/自然科學/基礎及測量	zh
Wikipedia:基礎條目/第五級/自然科學/天文學	zh
Wikipedia:基礎條目/第五級/自然科學/物理	zh
Wikipedia:基礎條目/第五級/藝術	zh
Wikipedia:基礎條目/英語維基百科第三級	zh
Wikipedia:基金會行動	zh
Wikipedia:基金會行動/程序	zh
Wikipedia:塔加洛語維基百科	zh
Wikipedia:壮语维基百科	zh
Wikipedia:外語譯音表	zh
Wikipedia:外語譯音表/俄語	zh
Wikipedia:外語譯音表/英語	zh
Wikipedia:外部連結/常年網站	zh
Wikipedia:外部链接	zh
Wikipedia:多媒体文件beta	zh
Wikipedia:大使館	zh
Wikipedia:大膽，回退，回退，回退	zh
Wikipedia:大量帳號建立者	zh
Wikipedia:大量訊息發送者	zh
Wikipedia:大頭相簿	zh
Wikipedia:太多細節	zh
Wikipedia:太长不看	zh
Wikipedia:失效链接	zh
Wikipedia:奥托·米德尔顿 (或为什么说报纸都是可疑来源)	zh
Wikipedia:奧克語維基百科	zh
Wikipedia:如何写一篇很棒的电子游戏条目	zh
Wikipedia:如何編修	zh
Wikipedia:如何編寫故事簡介	zh
Wikipedia:如何舉辦一場編輯松	zh
Wikipedia:如何降低條目被提交刪除的可能性	zh
Wikipedia:威爾士語維基百科	zh
Wikipedia:媒体版权问题	zh
Wikipedia:媒体版权问题/标题	zh
Wikipedia:子頁面	zh
Wikipedia:字詞轉換處理	zh
Wikipedia:存廢覆核請求	zh
Wikipedia:存廢覆核請求/存檔/2006年及以前	zh
Wikipedia:存廢覆核請求/存檔/2011年10-12月	zh
Wikipedia:存廢覆核請求/存檔/2013年1-3月	zh
Wikipedia:存廢覆核請求/存檔/2014年4-6月	zh
Wikipedia:存廢討論應避免的理由	zh
Wikipedia:孙中山是男性无须引用	zh
Wikipedia:孤立页面	zh
Wikipedia:学术性使用	zh
Wikipedia:孫中山是男性須引用	zh
Wikipedia:安全投票	zh
Wikipedia:安全服务器	zh
Wikipedia:完美條目	zh
Wikipedia:官方名称	zh
Wikipedia:实用工具	zh
Wikipedia:宣传照片	zh
Wikipedia:宣告	zh
Wikipedia:密碼方針	zh
Wikipedia:寫作週/文化遺產	zh
Wikipedia:寬恕和遺忘	zh
Wikipedia:寶可夢測試	zh
Wikipedia:对新管理员的建议	zh
Wikipedia:对未成年用户的建议	zh
Wikipedia:对，我们就是有偏见	zh
Wikipedia:导航模板	zh
Wikipedia:封禁方针	zh
Wikipedia:封禁申請	zh
Wikipedia:封禁申诉	zh
Wikipedia:封禁申诉指导	zh
Wikipedia:封閉花園	zh
Wikipedia:對人身傷害威脅的處理	zh
Wikipedia:導師計劃	zh
Wikipedia:小作品	zh
Wikipedia:小作品制造者	zh
Wikipedia:小作品类别列表	zh
Wikipedia:小作品类别列表/人物	zh
Wikipedia:小作品类别列表/历史	zh
Wikipedia:小作品类别列表/地理	zh
Wikipedia:小作品类别列表/技术	zh
Wikipedia:小作品类别列表/文化	zh
Wikipedia:小作品类别列表/科学	zh
Wikipedia:小作品类别列表/简表	zh
Wikipedia:小天使工作小組	zh
Wikipedia:小小作品	zh
Wikipedia:小工具	zh
Wikipedia:尼瓦爾語維基百科	zh
Wikipedia:嵌入包含	zh
Wikipedia:巡查	zh
Wikipedia:巡查豁免權	zh
Wikipedia:工作进展/2004年11月	zh
Wikipedia:工作进展/2004年4月12日	zh
Wikipedia:工作进展/2004年5月17日	zh
Wikipedia:工作进展/2004年7月	zh
Wikipedia:工具服务器	zh
Wikipedia:差異及頁面連結指南	zh
Wikipedia:已删除内容查询	zh
Wikipedia:已撤销的典范条目	zh
Wikipedia:已撤销的特色列表	zh
Wikipedia:已撤销的特色图片	zh
Wikipedia:已经去世的用户	zh
Wikipedia:巴別	zh
Wikipedia:巴別/zh-0	zh
Wikipedia:巽他語維基百科	zh
Wikipedia:布列塔尼語維基百科	zh
Wikipedia:布告板	zh
Wikipedia:常年提案	zh
Wikipedia:常見密碼/10000	zh
Wikipedia:常见问题解答	zh
Wikipedia:帽子收集狂	zh
Wikipedia:年表	zh
Wikipedia:年表标准	zh
Wikipedia:应政府要求删除内容	zh
Wikipedia:庫爾德語維基百科	zh
Wikipedia:建立共識的方法	zh
Wikipedia:建立條目	zh
Wikipedia:建立條目的壞點子列表	zh
Wikipedia:建立條目精靈	zh
Wikipedia:建立條目精靈/不能确定	zh
Wikipedia:建立條目精靈/主題	zh
Wikipedia:建立條目精靈/來源	zh
Wikipedia:建立條目精靈/內容	zh
Wikipedia:建立條目精靈/创建其它页面	zh
Wikipedia:建立條目精靈/建立條目	zh
Wikipedia:建立條目精靈/模板	zh
Wikipedia:建立條目精靈/消歧义页	zh
Wikipedia:建立條目精靈/通用關注度	zh
Wikipedia:建立條目精靈/重新導向	zh
Wikipedia:引文	zh
Wikipedia:引注炸弹	zh
Wikipedia:引用維基百科	zh
Wikipedia:引用维基百科的内容	zh
Wikipedia:引用自己的論述	zh
Wikipedia:強迫症編輯	zh
Wikipedia:当前的破坏	zh
Wikipedia:当前的破坏/存档/2011年10-12月	zh
Wikipedia:当前的破坏/存档/2017年1月	zh
Wikipedia:影片連結	zh
Wikipedia:得饶人处且饶人	zh
Wikipedia:從其他來源複製文本至維基百科	zh
Wikipedia:志愿者回复团队	zh
Wikipedia:志愿者回复团队布告板	zh
Wikipedia:志愿者回复团队布告板/header	zh
Wikipedia:快捷方式列表	zh
Wikipedia:快速保留	zh
Wikipedia:快速删除方针	zh
Wikipedia:忽略《忽略所有規則》的所有用法	zh
Wikipedia:忽略所有規則初學者指南	zh
Wikipedia:忽略所有规则	zh
Wikipedia:忽略所有鬧劇	zh
Wikipedia:怒退	zh
Wikipedia:您的第一篇条目	zh
Wikipedia:愚人節	zh
Wikipedia:愚人節/2016年愚人節	zh
Wikipedia:愚人節/2017年愚人節	zh
Wikipedia:愚人節惡作劇	zh
Wikipedia:愚人節玩笑規範	zh
Wikipedia:愛好者內容	zh
Wikipedia:慎用“破坏”一词	zh
Wikipedia:慎用预览按钮	zh
Wikipedia:慎用预览按钮/random	zh
Wikipedia:我们对批评者的回应	zh
Wikipedia:我就是不喜歡它	zh
Wikipedia:我究竟为什么为维基作贡献	zh
Wikipedia:戰爭	zh
Wikipedia:扩充请求	zh
Wikipedia:扰乱性编辑	zh
Wikipedia:批评	zh
Wikipedia:承认自己的错误	zh
Wikipedia:技术常见问题解答	zh
Wikipedia:抄襲	zh
Wikipedia:投票	zh
Wikipedia:投票/撤销文言文维基百科	zh
Wikipedia:投票/自動確認用戶門檻更改	zh
Wikipedia:投票不能代替討論	zh
Wikipedia:投票是邪惡的	zh
Wikipedia:抗議SOPA行動	zh
Wikipedia:抗議SOPA行動/FAQ	zh
Wikipedia:抗議SOPA行動/法律顧問	zh
Wikipedia:拉票	zh
Wikipedia:拉脫維亞語維基百科	zh
Wikipedia:拒絕承認	zh
Wikipedia:持續出沒的破壞者/香港藝人破壞者	zh
Wikipedia:持续出没的破坏者	zh
Wikipedia:持续出没的破坏者/User:123Aristotle	zh
Wikipedia:持续出没的破坏者/User:Albert20009	zh
Wikipedia:持续出没的破坏者/User:Copyangry7fcvc	zh
Wikipedia:持续出没的破坏者/User:Jessechi	zh
Wikipedia:持续出没的破坏者/User:Kapol6360	zh
Wikipedia:持续出没的破坏者/User:Sidowpknbkhihj	zh
Wikipedia:持续出没的破坏者/User:Xayahrainie43	zh
Wikipedia:持续出没的破坏者/User:すらいむさん	zh
Wikipedia:持续出没的破坏者/User:千村狐免	zh
Wikipedia:持续出没的破坏者/User:影武者	zh
Wikipedia:持续出没的破坏者/User:백돌	zh
Wikipedia:持续出没的破坏者/数论和人瑞类条目破坏	zh
Wikipedia:持续出没的破坏者/记录	zh
Wikipedia:持续出没的破坏者/记录/User:Dsfsswec	zh
Wikipedia:持续出没的破坏者/记录/User:IHATEteletubbies!	zh
Wikipedia:持续出没的破坏者/记录/User:KO.2	zh
Wikipedia:持续出没的破坏者/记录/User:My Royal Young	zh
Wikipedia:持续出没的破坏者/记录/User:Wikinger	zh
Wikipedia:持续出没的破坏者/记录/User:Willy On Wheels	zh
Wikipedia:持续出没的破坏者/记录/User:壮志满天涯	zh
Wikipedia:持续出没的破坏者/记录/User:壮志满天涯/en	zh
Wikipedia:持续出没的破坏者/记录/User:打倒中国	zh
Wikipedia:持续出没的破坏者/记录/广州IP破坏	zh
Wikipedia:持续出没的破坏者/记录/臺灣文學人物破壞者	zh
Wikipedia:持续出没的破坏者/香港地理正名破壞	zh
Wikipedia:挂羊头卖狗肉	zh
Wikipedia:指引列表	zh
Wikipedia:按兴趣分类的维基百科人	zh
Wikipedia:挖一條溝	zh
Wikipedia:捐赠	zh
Wikipedia:捐赠版权材料	zh
Wikipedia:捷徑	zh
Wikipedia:探索	zh
Wikipedia:接受其他用户	zh
Wikipedia:推广维基百科	zh
Wikipedia:提示	zh
Wikipedia:提示/10月	zh
Wikipedia:提示/1月10日	zh
Wikipedia:提示/1月11日	zh
Wikipedia:提示/1月12日	zh
Wikipedia:提示/1月13日	zh
Wikipedia:提示/1月14日	zh
Wikipedia:提示/1月15日	zh
Wikipedia:提示/1月16日	zh
Wikipedia:提示/1月17日	zh
Wikipedia:提示/1月18日	zh
Wikipedia:提示/1月19日	zh
Wikipedia:提示/1月1日	zh
Wikipedia:提示/1月20日	zh
Wikipedia:提示/1月21日	zh
Wikipedia:提示/1月22日	zh
Wikipedia:提示/1月23日	zh
Wikipedia:提示/1月24日	zh
Wikipedia:提示/1月25日	zh
Wikipedia:提示/1月26日	zh
Wikipedia:提示/1月27日	zh
Wikipedia:提示/1月28日	zh
Wikipedia:提示/1月29日	zh
Wikipedia:提示/1月2日	zh
Wikipedia:提示/1月30日	zh
Wikipedia:提示/1月31日	zh
Wikipedia:提示/1月3日	zh
Wikipedia:提示/1月4日	zh
Wikipedia:提示/1月5日	zh
Wikipedia:提示/1月6日	zh
Wikipedia:提示/1月7日	zh
Wikipedia:提示/1月8日	zh
Wikipedia:提示/1月9日	zh
Wikipedia:提示/2005年3月11日之前的存档	zh
Wikipedia:提示/2月10日	zh
Wikipedia:提示/2月11日	zh
Wikipedia:提示/2月12日	zh
Wikipedia:提示/2月14日	zh
Wikipedia:提示/2月1日	zh
Wikipedia:提示/2月23日	zh
Wikipedia:提示/2月24日	zh
Wikipedia:提示/2月25日	zh
Wikipedia:提示/2月26日	zh
Wikipedia:提示/2月27日	zh
Wikipedia:提示/2月28日	zh
Wikipedia:提示/2月29日	zh
Wikipedia:提示/2月6日	zh
Wikipedia:提示/2月7日	zh
Wikipedia:提示/2月8日	zh
Wikipedia:提示/8月26日	zh
Wikipedia:提示/8月27日	zh
Wikipedia:提示/备用/2月11日	zh
Wikipedia:提示/备用/2月2日	zh
Wikipedia:提示/备用/2月4日	zh
Wikipedia:提示/备用/2月8日	zh
Wikipedia:換個燈泡需要多少維基百科人？	zh
Wikipedia:搜索引擎测试	zh
Wikipedia:搬起石頭砸自己的腳	zh
Wikipedia:摘要格式	zh
Wikipedia:撰寫方針很難	zh
Wikipedia:撰寫請求評論	zh
Wikipedia:改進條目	zh
Wikipedia:攻击性页面	zh
Wikipedia:教育專案	zh
Wikipedia:数学符号	zh
Wikipedia:数据库下载	zh
Wikipedia:整理討論	zh
Wikipedia:文件使用方针	zh
Wikipedia:文件转移至共享资源	zh
Wikipedia:文化和艺术信息框列表	zh
Wikipedia:文字編輯工作小組	zh
Wikipedia:文明	zh
Wikipedia:断链页面	zh
Wikipedia:新手上路	zh
Wikipedia:新手上路/2011年	zh
Wikipedia:新手不適合當管理員	zh
Wikipedia:新手入門/主頁	zh
Wikipedia:新手入門/介紹	zh
Wikipedia:新手入門/參與	zh
Wikipedia:新手入門/方針指引	zh
Wikipedia:新手入門/格式	zh
Wikipedia:新手入門/權限	zh
Wikipedia:新手入門/維基文本	zh
Wikipedia:新手入門/編輯	zh
Wikipedia:新手入門/總結	zh
Wikipedia:新手入門/討論	zh
Wikipedia:新手很美味，大胆咬他们吧	zh
Wikipedia:新手求助/存檔/2012年	zh
Wikipedia:新手簡明指南	zh
Wikipedia:新条目推荐	zh
Wikipedia:新条目推荐/2005年10月	zh
Wikipedia:新条目推荐/2005年11月	zh
Wikipedia:新条目推荐/2005年12月	zh
Wikipedia:新条目推荐/2005年3月	zh
Wikipedia:新条目推荐/2005年4月	zh
Wikipedia:新条目推荐/2005年5月	zh
Wikipedia:新条目推荐/2005年6月	zh
Wikipedia:新条目推荐/2005年7月	zh
Wikipedia:新条目推荐/2005年8月	zh
Wikipedia:新条目推荐/2005年9月	zh
Wikipedia:新条目推荐/2006年10月	zh
Wikipedia:新条目推荐/2006年11月	zh
Wikipedia:新条目推荐/2006年12月	zh
Wikipedia:新条目推荐/2006年1月	zh
Wikipedia:新条目推荐/2006年2月	zh
Wikipedia:新条目推荐/2006年3月	zh
Wikipedia:新条目推荐/2006年4月	zh
Wikipedia:新条目推荐/2006年5月	zh
Wikipedia:新条目推荐/2006年6月	zh
Wikipedia:新条目推荐/2006年7月	zh
Wikipedia:新条目推荐/2006年8月	zh
Wikipedia:新条目推荐/2006年9月	zh
Wikipedia:新条目推荐/2007年10月	zh
Wikipedia:新条目推荐/2007年11月	zh
Wikipedia:新条目推荐/2007年12月	zh
Wikipedia:新条目推荐/2007年1月	zh
Wikipedia:新条目推荐/2007年2月	zh
Wikipedia:新条目推荐/2007年3月	zh
Wikipedia:新条目推荐/2007年4月	zh
Wikipedia:新条目推荐/2007年5月	zh
Wikipedia:新条目推荐/2007年6月	zh
Wikipedia:新条目推荐/2007年7月	zh
Wikipedia:新条目推荐/2007年8月	zh
Wikipedia:新条目推荐/2007年9月	zh
Wikipedia:新条目推荐/2008年10月	zh
Wikipedia:新条目推荐/2008年11月	zh
Wikipedia:新条目推荐/2008年12月	zh
Wikipedia:新条目推荐/2008年1月	zh
Wikipedia:新条目推荐/2008年2月	zh
Wikipedia:新条目推荐/2008年3月	zh
Wikipedia:新条目推荐/2008年4月	zh
Wikipedia:新条目推荐/2008年5月	zh
Wikipedia:新条目推荐/2008年6月	zh
Wikipedia:新条目推荐/2008年7月	zh
Wikipedia:新条目推荐/2008年8月	zh
Wikipedia:新条目推荐/2008年9月	zh
Wikipedia:新条目推荐/2009年10月	zh
Wikipedia:新条目推荐/2009年11月	zh
Wikipedia:新条目推荐/2009年12月	zh
Wikipedia:新条目推荐/2009年1月	zh
Wikipedia:新条目推荐/2009年2月	zh
Wikipedia:新条目推荐/2009年3月	zh
Wikipedia:新条目推荐/2009年4月	zh
Wikipedia:新条目推荐/2009年5月	zh
Wikipedia:新条目推荐/2009年6月	zh
Wikipedia:新条目推荐/2009年7月	zh
Wikipedia:新条目推荐/2009年8月	zh
Wikipedia:新条目推荐/2009年9月	zh
Wikipedia:新条目推荐/2010年10月	zh
Wikipedia:新条目推荐/2010年11月	zh
Wikipedia:新条目推荐/2010年12月	zh
Wikipedia:新条目推荐/2010年1月	zh
Wikipedia:新条目推荐/2010年2月	zh
Wikipedia:新条目推荐/2010年3月	zh
Wikipedia:新条目推荐/2010年4月	zh
Wikipedia:新条目推荐/2010年5月	zh
Wikipedia:新条目推荐/2010年6月	zh
Wikipedia:新条目推荐/2010年7月	zh
Wikipedia:新条目推荐/2010年8月	zh
Wikipedia:新条目推荐/2010年9月	zh
Wikipedia:新条目推荐/2011年10月	zh
Wikipedia:新条目推荐/2011年11月	zh
Wikipedia:新条目推荐/2011年12月	zh
Wikipedia:新条目推荐/2011年1月	zh
Wikipedia:新条目推荐/2011年2月	zh
Wikipedia:新条目推荐/2011年3月	zh
Wikipedia:新条目推荐/2011年4月	zh
Wikipedia:新条目推荐/2011年5月	zh
Wikipedia:新条目推荐/2011年6月	zh
Wikipedia:新条目推荐/2011年7月	zh
Wikipedia:新条目推荐/2011年8月	zh
Wikipedia:新条目推荐/2011年9月	zh
Wikipedia:新条目推荐/2012年10月	zh
Wikipedia:新条目推荐/2012年11月	zh
Wikipedia:新条目推荐/2012年12月	zh
Wikipedia:新条目推荐/2012年1月	zh
Wikipedia:新条目推荐/2012年2月	zh
Wikipedia:新条目推荐/2012年3月	zh
Wikipedia:新条目推荐/2012年4月	zh
Wikipedia:新条目推荐/2012年6月	zh
Wikipedia:新条目推荐/2012年7月	zh
Wikipedia:新条目推荐/2012年8月	zh
Wikipedia:新条目推荐/2012年9月	zh
Wikipedia:新条目推荐/2013年10月	zh
Wikipedia:新条目推荐/2013年11月	zh
Wikipedia:新条目推荐/2013年12月	zh
Wikipedia:新条目推荐/2013年1月	zh
Wikipedia:新条目推荐/2013年2月	zh
Wikipedia:新条目推荐/2013年3月	zh
Wikipedia:新条目推荐/2013年4月	zh
Wikipedia:新条目推荐/2013年5月	zh
Wikipedia:新条目推荐/2013年6月	zh
Wikipedia:新条目推荐/2013年7月	zh
Wikipedia:新条目推荐/2013年8月	zh
Wikipedia:新条目推荐/2013年9月	zh
Wikipedia:新条目推荐/2014年10月	zh
Wikipedia:新条目推荐/2014年11月	zh
Wikipedia:新条目推荐/2014年12月	zh
Wikipedia:新条目推荐/2014年1月	zh
Wikipedia:新条目推荐/2014年2月	zh
Wikipedia:新条目推荐/2014年3月	zh
Wikipedia:新条目推荐/2014年4月	zh
Wikipedia:新条目推荐/2014年5月	zh
Wikipedia:新条目推荐/2014年6月	zh
Wikipedia:新条目推荐/2014年7月	zh
Wikipedia:新条目推荐/2014年8月	zh
Wikipedia:新条目推荐/2014年9月	zh
Wikipedia:新条目推荐/2015年10月	zh
Wikipedia:新条目推荐/2015年11月	zh
Wikipedia:新条目推荐/2015年12月	zh
Wikipedia:新条目推荐/2015年1月	zh
Wikipedia:新条目推荐/2015年2月	zh
Wikipedia:新条目推荐/2015年3月	zh
Wikipedia:新条目推荐/2015年4月	zh
Wikipedia:新条目推荐/2015年5月	zh
Wikipedia:新条目推荐/2015年6月	zh
Wikipedia:新条目推荐/2015年7月	zh
Wikipedia:新条目推荐/2015年8月	zh
Wikipedia:新条目推荐/2015年9月	zh
Wikipedia:新条目推荐/2016年10月	zh
Wikipedia:新条目推荐/2016年11月	zh
Wikipedia:新条目推荐/2016年12月	zh
Wikipedia:新条目推荐/2016年1月	zh
Wikipedia:新条目推荐/2016年2月	zh
Wikipedia:新条目推荐/2016年3月	zh
Wikipedia:新条目推荐/2016年4月	zh
Wikipedia:新条目推荐/2016年5月	zh
Wikipedia:新条目推荐/2016年6月	zh
Wikipedia:新条目推荐/2016年7月	zh
Wikipedia:新条目推荐/2016年8月	zh
Wikipedia:新条目推荐/2016年9月	zh
Wikipedia:新条目推荐/2017年10月	zh
Wikipedia:新条目推荐/2017年11月	zh
Wikipedia:新条目推荐/2017年12月	zh
Wikipedia:新条目推荐/2017年1月	zh
Wikipedia:新条目推荐/2017年2月	zh
Wikipedia:新条目推荐/2017年3月	zh
Wikipedia:新条目推荐/2017年4月	zh
Wikipedia:新条目推荐/2017年5月	zh
Wikipedia:新条目推荐/2017年6月	zh
Wikipedia:新条目推荐/2017年7月	zh
Wikipedia:新条目推荐/2017年8月	zh
Wikipedia:新条目推荐/2017年9月	zh
Wikipedia:新条目推荐/2018年10月	zh
Wikipedia:新条目推荐/2018年11月	zh
Wikipedia:新条目推荐/2018年12月	zh
Wikipedia:新条目推荐/2018年1月	zh
Wikipedia:新条目推荐/2018年2月	zh
Wikipedia:新条目推荐/2018年3月	zh
Wikipedia:新条目推荐/2018年4月	zh
Wikipedia:新条目推荐/2018年5月	zh
Wikipedia:新条目推荐/2018年6月	zh
Wikipedia:新条目推荐/2018年7月	zh
Wikipedia:新条目推荐/2018年8月	zh
Wikipedia:新条目推荐/2018年9月	zh
Wikipedia:新条目推荐/2019年10月	zh
Wikipedia:新条目推荐/2019年11月	zh
Wikipedia:新条目推荐/2019年12月	zh
Wikipedia:新条目推荐/2019年1月	zh
Wikipedia:新条目推荐/2019年2月	zh
Wikipedia:新条目推荐/2019年3月	zh
Wikipedia:新条目推荐/2019年4月	zh
Wikipedia:新条目推荐/2019年5月	zh
Wikipedia:新条目推荐/2019年6月	zh
Wikipedia:新条目推荐/2019年7月	zh
Wikipedia:新条目推荐/2019年8月	zh
Wikipedia:新条目推荐/2019年9月	zh
Wikipedia:新条目推荐/2020年10月	zh
Wikipedia:新条目推荐/2020年11月	zh
Wikipedia:新条目推荐/2020年12月	zh
Wikipedia:新条目推荐/2020年1月	zh
Wikipedia:新条目推荐/2020年2月	zh
Wikipedia:新条目推荐/2020年3月	zh
Wikipedia:新条目推荐/2020年4月	zh
Wikipedia:新条目推荐/2020年5月	zh
Wikipedia:新条目推荐/2020年6月	zh
Wikipedia:新条目推荐/2020年7月	zh
Wikipedia:新条目推荐/2020年8月	zh
Wikipedia:新条目推荐/2020年9月	zh
Wikipedia:新条目推荐/2021年10月	zh
Wikipedia:新条目推荐/2021年11月	zh
Wikipedia:新条目推荐/2021年12月	zh
Wikipedia:新条目推荐/2021年1月	zh
Wikipedia:新条目推荐/2021年2月	zh
Wikipedia:新条目推荐/2021年3月	zh
Wikipedia:新条目推荐/2021年4月	zh
Wikipedia:新条目推荐/2021年5月	zh
Wikipedia:新条目推荐/2021年6月	zh
Wikipedia:新条目推荐/2021年7月	zh
Wikipedia:新条目推荐/2021年8月	zh
Wikipedia:新条目推荐/2021年9月	zh
Wikipedia:新条目推荐/2022年1月	zh
Wikipedia:新条目推荐/2022年2月	zh
Wikipedia:新条目推荐/2022年3月	zh
Wikipedia:新条目推荐/2022年4月	zh
Wikipedia:新条目推荐/2022年5月	zh
Wikipedia:新条目推荐/候选	zh
Wikipedia:新条目推荐/分类存档	zh
Wikipedia:新条目推荐/增补指引	zh
Wikipedia:新聞動態	zh
Wikipedia:新聞動態/管理員指南	zh
Wikipedia:新聞動態/重複發生的項目	zh
Wikipedia:新闻动态候选	zh
Wikipedia:新闻动态候选/存档/2012年10月	zh
Wikipedia:新闻动态更新指南	zh
Wikipedia:新闻报导引用维基百科的内容	zh
Wikipedia:新闻界的报导	zh
Wikipedia:新闻界的报导/2001年	zh
Wikipedia:新闻界的报导/2004年	zh
Wikipedia:新闻界的报导/2006年	zh
Wikipedia:新闻界的报导/2007年	zh
Wikipedia:新闻界的报导/2009年	zh
Wikipedia:新闻界的报导/2010年	zh
Wikipedia:新闻界的报导/2011年	zh
Wikipedia:新闻界的报导/2012年	zh
Wikipedia:新闻界的报导/2013年	zh
Wikipedia:新闻界的报导/2014年	zh
Wikipedia:新闻界的报导/2015年	zh
Wikipedia:新闻界的报导/2016年	zh
Wikipedia:新闻界的报导/2017年	zh
Wikipedia:新闻界的报导/2018年	zh
Wikipedia:新闻界的报导/2019年	zh
Wikipedia:新闻界的报导/2020年	zh
Wikipedia:新闻界的报导/2021年	zh
Wikipedia:新闻界的报导/2022年	zh
Wikipedia:新闻稿	zh
Wikipedia:新闻稿/2004年2月 (简)	zh
Wikipedia:新闻稿/2004年2月 (繁)	zh
Wikipedia:新闻稿/2005年3月 (简)	zh
Wikipedia:新闻稿/2005年3月 (繁)	zh
Wikipedia:新頁面巡查	zh
Wikipedia:方針、指引和論述間的差別	zh
Wikipedia:方針列表	zh
Wikipedia:方針與指引	zh
Wikipedia:方针指引列表	zh
Wikipedia:无版权标志的图像	zh
Wikipedia:日本動漫遊戲條目指導	zh
Wikipedia:日本條目列表	zh
Wikipedia:时刻保持冷静	zh
Wikipedia:明天不是世界末日	zh
Wikipedia:星章症	zh
Wikipedia:是我弟弟妹妹干的	zh
Wikipedia:是英文维基说的！	zh
Wikipedia:普什图语维基百科	zh
Wikipedia:更优秀条目写作指南	zh
Wikipedia:更改用户名	zh
Wikipedia:更改用户名/preload	zh
Wikipedia:更改用户名/账户易手	zh
Wikipedia:更新服务器缓存	zh
Wikipedia:最多修订页面	zh
Wikipedia:最多語言版本的待撰條目	zh
Wikipedia:最近更改巡查	zh
Wikipedia:最近更改条目请求	zh
Wikipedia:最近编辑次数最多的用户	zh
Wikipedia:有争议条目	zh
Wikipedia:有償編輯方針	zh
Wikipedia:有聲條目	zh
Wikipedia:服务器	zh
Wikipedia:未完成的房子是一个真正的问题	zh
Wikipedia:未準備好成為機械人操作者	zh
Wikipedia:术语和定义	zh
Wikipedia:术语表	zh
Wikipedia:机器人	zh
Wikipedia:机器人/作业请求	zh
Wikipedia:机器人/列表	zh
Wikipedia:机器人/申请	zh
Wikipedia:机器人/申请/Addbot	zh
Wikipedia:机器人/申请/InternetArchiveBot	zh
Wikipedia:机器人/申请/存档/2013年	zh
Wikipedia:机器人建立条目小组	zh
Wikipedia:机器化编辑	zh
Wikipedia:机器用户	zh
Wikipedia:朽木不可雕	zh
Wikipedia:条目创建请求/存档	zh
Wikipedia:条目向导/利益冲突编辑指引	zh
Wikipedia:条目向导/如何声明	zh
Wikipedia:条目向导/如何声明利益冲突	zh
Wikipedia:条目向导/新建草稿	zh
Wikipedia:条目向导/注意细节	zh
Wikipedia:条目向导/观点与来源	zh
Wikipedia:条目所有权	zh
Wikipedia:条目拆分	zh
Wikipedia:条目消息框	zh
Wikipedia:条目索引	zh
Wikipedia:条目评分工具	zh
Wikipedia:条目评级	zh
Wikipedia:条目请求	zh
Wikipedia:条目请求/人文学科/宗教	zh
Wikipedia:条目请求/人文学科/语言学	zh
Wikipedia:条目请求/人物	zh
Wikipedia:条目请求/人物/各地人物	zh
Wikipedia:条目请求/人物/各职业人物	zh
Wikipedia:条目请求/其他	zh
Wikipedia:条目请求/历史	zh
Wikipedia:条目请求/商业与经济学	zh
Wikipedia:条目请求/地理	zh
Wikipedia:条目请求/应用科学与技术	zh
Wikipedia:条目请求/数学	zh
Wikipedia:条目请求/社会/文化/体育	zh
Wikipedia:条目请求/社会/艺术	zh
Wikipedia:条目请求/社会科学与人文学	zh
Wikipedia:条目请求/自然科学	zh
Wikipedia:条目质量提升计划	zh
Wikipedia:条目质量评级标准	zh
Wikipedia:条目质量评级标准/丙级	zh
Wikipedia:条目质量评级标准/乙级	zh
Wikipedia:条目质量评级标准/初级	zh
Wikipedia:条目质量评级标准/甲级	zh
Wikipedia:条目长度	zh
Wikipedia:来源请求	zh
Wikipedia:标注	zh
Wikipedia:标注/任务	zh
Wikipedia:标注/关于	zh
Wikipedia:样板文字	zh
Wikipedia:核心内容方针	zh
Wikipedia:格式手冊/不要模稜兩可	zh
Wikipedia:格式手冊/不要華而不實	zh
Wikipedia:格式手冊/作品列表	zh
Wikipedia:格式手冊/序言章節	zh
Wikipedia:格式手冊/文字格式	zh
Wikipedia:格式手冊/標題	zh
Wikipedia:格式手冊/消歧義頁	zh
Wikipedia:格式手冊/版面佈局	zh
Wikipedia:格式手冊/瑣碎章節	zh
Wikipedia:格式手冊/章節標題	zh
Wikipedia:格式手冊/表格	zh
Wikipedia:格式手冊/親和力	zh
Wikipedia:格式手冊/避免使用的字詞	zh
Wikipedia:格式手冊/避免自我提及	zh
Wikipedia:格式手冊/電視	zh
Wikipedia:格式手册	zh
Wikipedia:格式手册/两岸四地用语	zh
Wikipedia:格式手册/传记	zh
Wikipedia:格式手册/信息框	zh
Wikipedia:格式手册/列表	zh
Wikipedia:格式手册/化学（英语维基百科）	zh
Wikipedia:格式手册/哲学	zh
Wikipedia:格式手册/商标	zh
Wikipedia:格式手册/嵌入列表	zh
Wikipedia:格式手册/数学	zh
Wikipedia:格式手册/旗帜	zh
Wikipedia:格式手册/日期和数字	zh
Wikipedia:格式手册/日本相关条目	zh
Wikipedia:格式手册/朝鲜半岛用语	zh
Wikipedia:格式手册/模板	zh
Wikipedia:格式手册/缩写	zh
Wikipedia:格式手册/虚构	zh
Wikipedia:格式手册/计算机	zh
Wikipedia:格式手册/链接	zh
Wikipedia:格式手册/音标	zh
Wikipedia:格式手册/题注	zh
Wikipedia:格式手册/马来西亚相关条目	zh
Wikipedia:格魯吉亞語維基百科	zh
Wikipedia:條目請求/日本	zh
Wikipedia:條目質量提升計劃/ACG條目提升計劃	zh
Wikipedia:標誌	zh
Wikipedia:標語	zh
Wikipedia:模板命名空间	zh
Wikipedia:模板数据	zh
Wikipedia:模板数据/教学	zh
Wikipedia:模板文件頁模式	zh
Wikipedia:模板樣式	zh
Wikipedia:模板消息	zh
Wikipedia:模板消息/一般	zh
Wikipedia:模板消息/列表	zh
Wikipedia:模板消息/刪除	zh
Wikipedia:模板消息/文件命名空间	zh
Wikipedia:模板消息/条目来源	zh
Wikipedia:模板消息/格式	zh
Wikipedia:模板消息/消歧义模板	zh
Wikipedia:模板消息/清理	zh
Wikipedia:模板消息/爭議與警告	zh
Wikipedia:模板消息/用戶命名空間	zh
Wikipedia:模板消息/用戶討論命名空間	zh
Wikipedia:模板消息/用戶討論命名空間/替换引用	zh
Wikipedia:模板消息/章節	zh
Wikipedia:模板消息/维基百科命名空间	zh
Wikipedia:模板消息/维护	zh
Wikipedia:模板消息/翻譯	zh
Wikipedia:模板消息/讨论命名空间	zh
Wikipedia:模板消息/重定向頁面	zh
Wikipedia:模板消息/链接	zh
Wikipedia:模板消息/页面分类命名空间	zh
Wikipedia:模板消息/首页	zh
Wikipedia:模板的沙盒和测试样例	zh
Wikipedia:模板編輯員	zh
Wikipedia:模板請求	zh
Wikipedia:模板限制	zh
Wikipedia:横幅及按钮	zh
Wikipedia:機械人審核小組	zh
Wikipedia:機械人審核小組/指南	zh
Wikipedia:機械人方針	zh
Wikipedia:檔案名稱	zh
Wikipedia:檔案存廢討論	zh
Wikipedia:檔案移動員	zh
Wikipedia:檔案著作權標誌	zh
Wikipedia:檔案著作權標誌/公有領域	zh
Wikipedia:檔案著作權標誌/所有授權	zh
Wikipedia:檔案著作權標誌/棄用	zh
Wikipedia:檔案著作權標誌/美國	zh
Wikipedia:檔案著作權標誌/自由授權	zh
Wikipedia:檔案著作權標誌/非自由授權	zh
Wikipedia:檢測連結	zh
Wikipedia:權限申請	zh
Wikipedia:權限申請/申請IP封禁例外權	zh
Wikipedia:權限申請/申請回退權	zh
Wikipedia:權限申請/申請大量帳號建立權	zh
Wikipedia:權限申請/申請大量訊息發送權	zh
Wikipedia:權限申請/申請巡查權	zh
Wikipedia:權限申請/申請巡查豁免權	zh
Wikipedia:權限申請/申請模板編輯權	zh
Wikipedia:權限申請/申請檔案移動權	zh
Wikipedia:權限申請/申請確認用戶權	zh
Wikipedia:欢迎	zh
Wikipedia:歌词和诗句	zh
Wikipedia:歸屬	zh
Wikipedia:每周图片	zh
Wikipedia:每周翻译	zh
Wikipedia:每周翻译/2004年	zh
Wikipedia:每周翻译/2005年	zh
Wikipedia:每周翻译/2006年	zh
Wikipedia:每周翻译/2007年	zh
Wikipedia:每周翻译/2008年	zh
Wikipedia:每周翻译/2009年	zh
Wikipedia:每日图片	zh
Wikipedia:每日图片/2012年10月	zh
Wikipedia:每日图片/2012年11月	zh
Wikipedia:每日图片/2012年6月	zh
Wikipedia:每日图片/2012年7月	zh
Wikipedia:每日图片/2012年8月	zh
Wikipedia:每日图片/2012年9月	zh
Wikipedia:每日图片/2013年10月	zh
Wikipedia:每日图片/2013年11月	zh
Wikipedia:每日图片/2013年12月	zh
Wikipedia:每日图片/2013年1月	zh
Wikipedia:每日图片/2013年3月	zh
Wikipedia:每日图片/2013年4月	zh
Wikipedia:每日图片/2013年5月	zh
Wikipedia:每日图片/2013年6月	zh
Wikipedia:每日图片/2013年7月	zh
Wikipedia:每日图片/2013年8月	zh
Wikipedia:每日图片/2013年9月	zh
Wikipedia:每日图片/2014年10月	zh
Wikipedia:每日图片/2014年11月	zh
Wikipedia:每日图片/2014年12月	zh
Wikipedia:每日图片/2014年1月	zh
Wikipedia:每日图片/2014年4月	zh
Wikipedia:每日图片/2014年5月	zh
Wikipedia:每日图片/2014年7月	zh
Wikipedia:每日图片/2014年8月	zh
Wikipedia:每日图片/2014年9月	zh
Wikipedia:每日图片/2015年1月	zh
Wikipedia:每日图片/2015年2月	zh
Wikipedia:每日图片/2015年3月	zh
Wikipedia:每日图片/2015年4月	zh
Wikipedia:每日图片/2015年5月	zh
Wikipedia:每日图片/2015年6月	zh
Wikipedia:每日图片/2015年7月	zh
Wikipedia:每日图片/2015年8月	zh
Wikipedia:每日图片/2015年9月	zh
Wikipedia:每日图片/2019年12月	zh
Wikipedia:每日图片/2019年3月	zh
Wikipedia:每日图片/2019年5月	zh
Wikipedia:每日图片/2019年7月	zh
Wikipedia:沃拉普克語維基百科	zh
Wikipedia:沉默什麼都不是	zh
Wikipedia:沒壞就不要修	zh
Wikipedia:沒有人在乎	zh
Wikipedia:沒有價值的頁面	zh
Wikipedia:沒有可靠來源，沒有可驗證性，就不能寫條目	zh
Wikipedia:沒有頁面是不變的	zh
Wikipedia:沙盒	zh
Wikipedia:法人代表	zh
Wikipedia:法律声明	zh
Wikipedia:泰盧固語維基百科	zh
Wikipedia:洗版	zh
Wikipedia:消歧义	zh
Wikipedia:消歧義的薦與不薦	zh
Wikipedia:清潔部	zh
Wikipedia:清理	zh
Wikipedia:清空页面	zh
Wikipedia:減少對同一條目連續多次提交編輯	zh
Wikipedia:游戏维基规则	zh
Wikipedia:準種	zh
Wikipedia:潛伏者	zh
Wikipedia:瀏覽量	zh
Wikipedia:為什麼我創建的頁面被刪除了？	zh
Wikipedia:為何我上傳的圖像會被移動到維基共享資源？	zh
Wikipedia:為時尚早	zh
Wikipedia:烤鸭测试	zh
Wikipedia:無視所有的傻子	zh
Wikipedia:無視所有規則	zh
Wikipedia:爆炸	zh
Wikipedia:爪哇語維基百科	zh
Wikipedia:爭議解決指引	zh
Wikipedia:版权常见问题解答	zh
Wikipedia:特色列表	zh
Wikipedia:特色列表標準	zh
Wikipedia:特色列表评选	zh
Wikipedia:特色列表评选/存档	zh
Wikipedia:特色列表评选/存档/2006年	zh
Wikipedia:特色图片	zh
Wikipedia:特色圖片標準	zh
Wikipedia:特色圖片評選	zh
Wikipedia:特色圖片評選/任天堂DSi	zh
Wikipedia:特色圖片評選/存檔	zh
Wikipedia:特色圖片評選/存檔/2014年5月	zh
Wikipedia:特色圖片評選/存檔/2015年2月	zh
Wikipedia:特色圖片評選/存檔/2018年10月	zh
Wikipedia:特色圖片評選/旅鸫	zh
Wikipedia:特色話題	zh
Wikipedia:特色话题/1941年大西洋飓风季	zh
Wikipedia:特色话题/1990－1991年南太平洋气旋季	zh
Wikipedia:特色话题/1997年大西洋飓风季	zh
Wikipedia:特色话题/诺贝尔奖得主列表	zh
Wikipedia:状态面板	zh
Wikipedia:状态面板/请求评论	zh
Wikipedia:独立列表	zh
Wikipedia:獨立第三方來源	zh
Wikipedia:玩得開心	zh
Wikipedia:瓦隆语维基百科	zh
Wikipedia:生命、宇宙以及任何事情的终极答案	zh
Wikipedia:生者傳記	zh
Wikipedia:用戶介面翻譯	zh
Wikipedia:用戶工具	zh
Wikipedia:用戶查核	zh
Wikipedia:用戶查核/統計	zh
Wikipedia:用戶查核方針	zh
Wikipedia:用戶查核請求	zh
Wikipedia:用戶框	zh
Wikipedia:用戶框/信仰與主張	zh
Wikipedia:用戶框/健康	zh
Wikipedia:用戶框/其它維基計劃	zh
Wikipedia:用戶框/動植物	zh
Wikipedia:用戶框/地域	zh
Wikipedia:用戶框/地域/大中華地區	zh
Wikipedia:用戶框/幽默	zh
Wikipedia:用戶框/性徵與愛情	zh
Wikipedia:用戶框/政治團體	zh
Wikipedia:用戶框/教育程度	zh
Wikipedia:用戶框/數學	zh
Wikipedia:用戶框/文化	zh
Wikipedia:用戶框/時間	zh
Wikipedia:用戶框/書寫系統	zh
Wikipedia:用戶框/書籍	zh
Wikipedia:用戶框/注音系統	zh
Wikipedia:用戶框/生活	zh
Wikipedia:用戶框/生辰、星座與生肖	zh
Wikipedia:用戶框/程式語言	zh
Wikipedia:用戶框/程式語言/標記	zh
Wikipedia:用戶框/維基百科專題	zh
Wikipedia:用戶框/職業	zh
Wikipedia:用戶框/興趣	zh
Wikipedia:用戶框/表情	zh
Wikipedia:用戶框/遊戲	zh
Wikipedia:用戶框/電子遊戲	zh
Wikipedia:用戶框/電影	zh
Wikipedia:用戶框/電腦	zh
Wikipedia:用戶框/非ISO語言	zh
Wikipedia:用戶框/音樂	zh
Wikipedia:用戶框/食物	zh
Wikipedia:用戶框/體育	zh
Wikipedia:用戶頁	zh
Wikipedia:用戶體驗反饋	zh
Wikipedia:用戶體驗反饋/字體	zh
Wikipedia:用戶體驗反饋常見問題解答	zh
Wikipedia:用户体验反馈/新功能	zh
Wikipedia:用户名	zh
Wikipedia:用户权限级别	zh
Wikipedia:用户框/ACGN	zh
Wikipedia:用户框/交通工具	zh
Wikipedia:用户框/历史	zh
Wikipedia:用户框/地域/亚洲	zh
Wikipedia:用户框/地域/加拿大	zh
Wikipedia:用户框/地域/大洋洲	zh
Wikipedia:用户框/地域/欧洲	zh
Wikipedia:用户框/地域/美国	zh
Wikipedia:用户框/地域/美洲	zh
Wikipedia:用户框/地域/英国	zh
Wikipedia:用户框/地域/非洲	zh
Wikipedia:用户框/汉语	zh
Wikipedia:用户框/用户框	zh
Wikipedia:用户框/考试	zh
Wikipedia:用户框/语法	zh
Wikipedia:用户页设计中心	zh
Wikipedia:用户页设计中心/入门	zh
Wikipedia:用户页设计中心/装饰	zh
Wikipedia:用書櫃表示維基百科的大小	zh
Wikipedia:用表格说话：如何创作电子游戏特色列表	zh
Wikipedia:申請成為管理員的討論中應避免的理由	zh
Wikipedia:申请成为界面管理员	zh
Wikipedia:申请成为管理人员	zh
Wikipedia:申请成为管理人员/Recent	zh
Wikipedia:申请成为管理人员/Recent/Top	zh
Wikipedia:电子游戏条目指引	zh
Wikipedia:當《忽略所有規則》被忽略時	zh
Wikipedia:疯狂指数测试	zh
Wikipedia:疯狂指数测试/2012	zh
Wikipedia:疯骗子们	zh
Wikipedia:發音重拼	zh
Wikipedia:百度百科對維基百科的侵權	zh
Wikipedia:皮德蒙語維基百科	zh
Wikipedia:皮肤	zh
Wikipedia:监督	zh
Wikipedia:监督/统计	zh
Wikipedia:监督请求	zh
Wikipedia:监管员	zh
Wikipedia:监视列表综合征	zh
Wikipedia:目的	zh
Wikipedia:直言不讳	zh
Wikipedia:知識無國界	zh
Wikipedia:知识问答	zh
Wikipedia:知识问答/存档/2016年8月	zh
Wikipedia:知道這些就夠了	zh
Wikipedia:短视	zh
Wikipedia:短链接	zh
Wikipedia:砍掉重练	zh
Wikipedia:研究資源	zh
Wikipedia:破坏	zh
Wikipedia:礼仪	zh
Wikipedia:社會科學引文索引	zh
Wikipedia:社群公告欄	zh
Wikipedia:社群媒體	zh
Wikipedia:社群首页	zh
Wikipedia:社群首页/old1	zh
Wikipedia:社群首页/活跃任务	zh
Wikipedia:福爾摩沙－努山塔拉編輯松	zh
Wikipedia:禮貌論述原則	zh
Wikipedia:移動戰	zh
Wikipedia:移動請求	zh
Wikipedia:移動請求/2011年1到3月	zh
Wikipedia:稳定版本	zh
Wikipedia:積壓工作	zh
Wikipedia:突发事件管理政策	zh
Wikipedia:第三方意見	zh
Wikipedia:签名	zh
Wikipedia:简单就好	zh
Wikipedia:简短描述	zh
Wikipedia:简要规则集	zh
Wikipedia:管理人員任免記錄	zh
Wikipedia:管理人員任免記錄/2003年	zh
Wikipedia:管理人員任免記錄/2004年	zh
Wikipedia:管理人員任免記錄/2005年	zh
Wikipedia:管理人員任免記錄/2006年	zh
Wikipedia:管理人員任免記錄/2007年	zh
Wikipedia:管理人員任免記錄/2008年	zh
Wikipedia:管理人員任免記錄/2009年	zh
Wikipedia:管理人員任免記錄/2010年	zh
Wikipedia:管理人員任免記錄/2011年	zh
Wikipedia:管理人員任免記錄/2012年	zh
Wikipedia:管理人員任免記錄/2013年	zh
Wikipedia:管理人員任免記錄/2014年	zh
Wikipedia:管理人員任免記錄/2015年	zh
Wikipedia:管理人員任免記錄/2016年	zh
Wikipedia:管理人員任免記錄/2017年	zh
Wikipedia:管理人員任免記錄/2021年	zh
Wikipedia:管理员	zh
Wikipedia:管理员不是什么	zh
Wikipedia:管理员删除指导	zh
Wikipedia:管理员名单	zh
Wikipedia:管理员布告板	zh
Wikipedia:管理员布告板/其他不当行为	zh
Wikipedia:管理员布告板/有偿编辑	zh
Wikipedia:管理员布告板/编辑争议	zh
Wikipedia:管理員必讀	zh
Wikipedia:管理員的離任	zh
Wikipedia:管理員的離任/提請取消不活動管理員的權限	zh
Wikipedia:管理員積壓工作	zh
Wikipedia:管理員解任投票	zh
Wikipedia:管理戰	zh
Wikipedia:管理者常见问题解答	zh
Wikipedia:管道連結	zh
Wikipedia:簡明利益衝突請求	zh
Wikipedia:紅字連結	zh
Wikipedia:結構式討論	zh
Wikipedia:絕對有來源！	zh
Wikipedia:給家長的建議	zh
Wikipedia:維基人地圖	zh
Wikipedia:維基仇恨	zh
Wikipedia:維基共享資源	zh
Wikipedia:維基和平	zh
Wikipedia:維基壓力	zh
Wikipedia:維基娘	zh
Wikipedia:維基媒體2030	zh
Wikipedia:維基媒體國際大會	zh
Wikipedia:維基媒體基金會針對付費編輯與公開使用者個人資料的公開聲明	zh
Wikipedia:維基孵育場	zh
Wikipedia:維基導遊	zh
Wikipedia:維基榮譽	zh
Wikipedia:維基榮譽與獎勵	zh
Wikipedia:維基法匠	zh
Wikipedia:維基獎勵	zh
Wikipedia:維基症候群	zh
Wikipedia:維基百科1.0	zh
Wikipedia:維基百科1.0/条目重要度评级标准	zh
Wikipedia:維基百科也申遺	zh
Wikipedia:維基百科亞洲月/2018	zh
Wikipedia:維基百科亞洲月/2019	zh
Wikipedia:維基百科亞洲月/2020	zh
Wikipedia:維基百科亞洲月/2021	zh
Wikipedia:維基百科人	zh
Wikipedia:維基百科人/按生年排序	zh
Wikipedia:維基百科人/按語言排序	zh
Wikipedia:維基百科十周年	zh
Wikipedia:維基百科十周年/首頁	zh
Wikipedia:維基百科大歷險	zh
Wikipedia:維基百科工具/ProveIt	zh
Wikipedia:維基百科工具/維基專題標記	zh
Wikipedia:維基百科政策簡報	zh
Wikipedia:維基百科政策簡報/List E	zh
Wikipedia:維基百科政策簡報/存檔/模板	zh
Wikipedia:維基百科政策簡報/指南	zh
Wikipedia:維基百科新聞	zh
Wikipedia:維基百科日	zh
Wikipedia:維基百科標誌	zh
Wikipedia:維基百科目錄	zh
Wikipedia:維基百科維護	zh
Wikipedia:維基百科論述	zh
Wikipedia:維基百科非洲月/2022	zh
Wikipedia:維基簡訊/2010年7月/維基共享資源	zh
Wikipedia:維基精神	zh
Wikipedia:維基解密與維基百科無關	zh
Wikipedia:維基誌異	zh
Wikipedia:維基讀本/Wikimania 2007讀本	zh
Wikipedia:維基鎖鏈	zh
Wikipedia:線上訓練	zh
Wikipedia:線上訓練/學生版	zh
Wikipedia:線上訓練/學生版/DYK基礎	zh
Wikipedia:線上訓練/學生版/DYK進階	zh
Wikipedia:線上訓練/學生版/五大支柱	zh
Wikipedia:線上訓練/學生版/共識決	zh
Wikipedia:線上訓練/學生版/勇於更新回退溝通	zh
Wikipedia:線上訓練/學生版/可供查證	zh
Wikipedia:線上訓練/學生版/增加圖片	zh
Wikipedia:線上訓練/學生版/完美條目	zh
Wikipedia:線上訓練/學生版/專業議題的幫助頁面	zh
Wikipedia:線上訓練/學生版/尋求協助	zh
Wikipedia:線上訓練/學生版/導覽	zh
Wikipedia:線上訓練/學生版/小作品條目的沙盒編輯	zh
Wikipedia:線上訓練/學生版/已建條目的沙盒編輯	zh
Wikipedia:線上訓練/學生版/引用參考來源	zh
Wikipedia:線上訓練/學生版/引用參考來源2	zh
Wikipedia:線上訓練/學生版/引用書籍	zh
Wikipedia:線上訓練/學生版/我的沙盒	zh
Wikipedia:線上訓練/學生版/我的監視列表1	zh
Wikipedia:線上訓練/學生版/我的監視列表2	zh
Wikipedia:線上訓練/學生版/支柱1	zh
Wikipedia:線上訓練/學生版/支柱2	zh
Wikipedia:線上訓練/學生版/支柱3	zh
Wikipedia:線上訓練/學生版/支柱4	zh
Wikipedia:線上訓練/學生版/支柱5	zh
Wikipedia:線上訓練/學生版/文字編輯	zh
Wikipedia:線上訓練/學生版/新條目的沙盒編輯	zh
Wikipedia:線上訓練/學生版/方針與指引延伸閱讀	zh
Wikipedia:線上訓練/學生版/星章	zh
Wikipedia:線上訓練/學生版/更多資源	zh
Wikipedia:線上訓練/學生版/有意義的編寫	zh
Wikipedia:線上訓練/學生版/核心主題	zh
Wikipedia:線上訓練/學生版/條目品質	zh
Wikipedia:線上訓練/學生版/條目發展	zh
Wikipedia:線上訓練/學生版/歡迎	zh
Wikipedia:線上訓練/學生版/第1節完成	zh
Wikipedia:線上訓練/學生版/第2節完成	zh
Wikipedia:線上訓練/學生版/第3節完成	zh
Wikipedia:線上訓練/學生版/維基百科社群簡介	zh
Wikipedia:線上訓練/學生版/線上訓練完成	zh
Wikipedia:線上訓練/學生版/編輯主題	zh
Wikipedia:線上訓練/學生版/編輯原則	zh
Wikipedia:線上訓練/學生版/著作權與抄襲	zh
Wikipedia:線上訓練/學生版/視覺化編輯器	zh
Wikipedia:線上訓練/學生版/討論	zh
Wikipedia:線上訓練/學生版/討論頁	zh
Wikipedia:線上訓練/學生版/進階課題	zh
Wikipedia:線上訓練/學生版/選擇條目1	zh
Wikipedia:線上訓練/學生版/選擇條目2	zh
Wikipedia:線上訓練/學生版/選擇條目3	zh
Wikipedia:線上訓練/學生版/選擇條目4	zh
Wikipedia:線上訓練/學生版/開始	zh
Wikipedia:線上訓練/學生版/開始之前1	zh
Wikipedia:線上訓練/學生版/開始之前2	zh
Wikipedia:線上訓練/學生版/開始使用我的沙盒	zh
Wikipedia:線上訓練/學生版/關於	zh
Wikipedia:線上訓練/學生版/關注度	zh
Wikipedia:線上訓練/學生版/關注度通常指引	zh
Wikipedia:線上訓練/學生版/非原創研究	zh
Wikipedia:線上訓練/教師版	zh
Wikipedia:線上訓練/新手版/如何求助	zh
Wikipedia:線上訓練/新手版/標註來源	zh
Wikipedia:線上訓練/新手版/歡迎	zh
Wikipedia:線上訓練/新手版/討論頁	zh
Wikipedia:編輯戰	zh
Wikipedia:編輯摘要	zh
Wikipedia:編輯禁制方針	zh
Wikipedia:編輯禁制紀錄	zh
Wikipedia:編輯統計工具	zh
Wikipedia:緬甸語維基百科	zh
Wikipedia:繁简处理	zh
Wikipedia:红党	zh
Wikipedia:纯破坏用户	zh
Wikipedia:给老师们的提示	zh
Wikipedia:给页面标记问题	zh
Wikipedia:统一登录	zh
Wikipedia:统计	zh
Wikipedia:维吾尔语维基百科	zh
Wikipedia:维基之声	zh
Wikipedia:维基假期	zh
Wikipedia:维基其他奖励	zh
Wikipedia:维基化	zh
Wikipedia:维基友爱	zh
Wikipedia:维基吸血鬼	zh
Wikipedia:维基城市摄影	zh
Wikipedia:维基奖金	zh
Wikipedia:维基媒体姊妹项目	zh
Wikipedia:维基志异/行政区划	zh
Wikipedia:维基数据	zh
Wikipedia:维基数据/沙盒	zh
Wikipedia:维基文库	zh
Wikipedia:维基星章	zh
Wikipedia:维基星章/主題	zh
Wikipedia:维基欺凌	zh
Wikipedia:维基游戏	zh
Wikipedia:维基百科不是什么	zh
Wikipedia:维基百科不是向世界介绍您崇高事业的地方	zh
Wikipedia:维基百科不是词典	zh
Wikipedia:维基百科不论成败	zh
Wikipedia:维基百科与博客	zh
Wikipedia:维基百科与媒体	zh
Wikipedia:维基百科与学术研究	zh
Wikipedia:维基百科与电视广播	zh
Wikipedia:维基百科亚洲月	zh
Wikipedia:维基百科亚洲月/2015	zh
Wikipedia:维基百科亚洲月/2016	zh
Wikipedia:维基百科亚洲月/2017	zh
Wikipedia:维基百科亚洲月/报名	zh
Wikipedia:维基百科人/按生日排序	zh
Wikipedia:维基百科可以等待	zh
Wikipedia:维基百科图书馆	zh
Wikipedia:维基百科图书馆/关于我们	zh
Wikipedia:维基百科图书馆/寻求资源	zh
Wikipedia:维基百科图书馆/志愿者	zh
Wikipedia:维基百科图书馆/自我介绍/简历	zh
Wikipedia:维基百科图书馆/资料	zh
Wikipedia:维基百科图书馆/開放近用導覽框內容	zh
Wikipedia:维基百科工具	zh
Wikipedia:维基百科工具/Cat-a-lot	zh
Wikipedia:维基百科工具/HotCat	zh
Wikipedia:维基百科工具/RenommageCategorie	zh
Wikipedia:维基百科工具/Vector/搜索框在左	zh
Wikipedia:维基百科工具/导航Popup	zh
Wikipedia:维基百科工具/質量評級	zh
Wikipedia:维基百科并不需要你	zh
Wikipedia:维基百科恶作剧列表	zh
Wikipedia:维基百科拷贝网站	zh
Wikipedia:维基百科是匿名的	zh
Wikipedia:维基百科是百科全书	zh
Wikipedia:维基百科狂	zh
Wikipedia:维基百科狂否认	zh
Wikipedia:维基百科狂自白	zh
Wikipedia:维基百科狂诊所	zh
Wikipedia:维基百科语言列表	zh
Wikipedia:维基简讯/索引	zh
Wikipedia:维基绶带	zh
Wikipedia:维基罪恶	zh
Wikipedia:维基读本	zh
Wikipedia:维基项目间链接	zh
Wikipedia:维护性模板轰炸	zh
Wikipedia:综合常见问题解答	zh
Wikipedia:编辑提示	zh
Wikipedia:编辑方针	zh
Wikipedia:编辑权非天授	zh
Wikipedia:编辑次数综合征	zh
Wikipedia:编辑者常见问题解答	zh
Wikipedia:编辑请求	zh
Wikipedia:网络书源	zh
Wikipedia:翻舊帳	zh
Wikipedia:翻譯指引	zh
Wikipedia:翻译腔	zh
Wikipedia:翻译请求	zh
Wikipedia:老大如是說的謬論	zh
Wikipedia:老大管什么？	zh
Wikipedia:联合供稿	zh
Wikipedia:联络我们	zh
Wikipedia:联络我们/其他	zh
Wikipedia:联络我们/媒体	zh
Wikipedia:联络我们/封禁	zh
Wikipedia:联络我们/捐赠者	zh
Wikipedia:联络我们/授权	zh
Wikipedia:联络我们/条目记述对象	zh
Wikipedia:联络我们/条目问题	zh
Wikipedia:联络我们/条目问题/事实错误	zh
Wikipedia:联络我们/条目问题/事实错误 (来自企业)	zh
Wikipedia:联络我们/条目问题/事实错误 (来自本人)	zh
Wikipedia:联络我们/条目问题/侵权	zh
Wikipedia:联络我们/条目问题/删除或恢复	zh
Wikipedia:联络我们/条目问题/无对应条目	zh
Wikipedia:联络我们/条目问题/破坏	zh
Wikipedia:联络我们/登录问题	zh
Wikipedia:联络我们/读者	zh
Wikipedia:联络我们/账号问题	zh
Wikipedia:联络我们/遞交照片	zh
Wikipedia:联络我们/链接	zh
Wikipedia:聚会	zh
Wikipedia:聚会/2006香港夏聚	zh
Wikipedia:聚会/2010香港秋聚	zh
Wikipedia:聚会/中国女权编辑聚会	zh
Wikipedia:聚会/悉尼	zh
Wikipedia:聚会/新加坡	zh
Wikipedia:聚会/河内	zh
Wikipedia:聚会/近期聚会	zh
Wikipedia:聚會/Wiki協作聚	zh
Wikipedia:聚會/東京	zh
Wikipedia:聚會/紐約市	zh
Wikipedia:聚會/香港維基人聚會	zh
Wikipedia:胡言亂語	zh
Wikipedia:能力亦為必須	zh
Wikipedia:自傳	zh
Wikipedia:自动封禁	zh
Wikipedia:自動編輯摘要	zh
Wikipedia:致有意成为傀儡调查助理者的建议	zh
Wikipedia:臺灣教育專案/政大世界民族誌學習作業/卡尤加人	zh
Wikipedia:臺灣教育專案/政大世界民族誌學習作業/曼德人	zh
Wikipedia:臺灣教育專案/政大世界民族誌學習作業/紹納人	zh
Wikipedia:臺灣教育專案/臺大校園文化資產詮釋2013實習課/作業成果	zh
Wikipedia:臺灣教育專案/臺大物理系服務學習/110-2/熵（古典熱力學）	zh
Wikipedia:臺灣維基人布告板	zh
Wikipedia:臺灣維基人布告板/需要進行的工作	zh
Wikipedia:若帶有偏見，別忽略所有規則	zh
Wikipedia:草稿命名空间	zh
Wikipedia:著作中引用维基百科的内容	zh
Wikipedia:著作权信息	zh
Wikipedia:藏語維基百科	zh
Wikipedia:行事曆	zh
Wikipedia:行事曆/2005年2月	zh
Wikipedia:行事曆/2005年8月	zh
Wikipedia:行動存取	zh
Wikipedia:行政员	zh
Wikipedia:行政員布告板	zh
Wikipedia:行為規範提議	zh
Wikipedia:行话解释	zh
Wikipedia:被保护的标题	zh
Wikipedia:被動攻擊	zh
Wikipedia:被連鎖保護的項目	zh
Wikipedia:裸網址	zh
Wikipedia:製作小作品	zh
Wikipedia:製作機器人	zh
Wikipedia:複製維基百科	zh
Wikipedia:西西里語維基百科	zh
Wikipedia:要可供查證，不要真理	zh
Wikipedia:要真理，不要可供查证	zh
Wikipedia:規則只是原則	zh
Wikipedia:觀光巴士站	zh
Wikipedia:言論自由	zh
Wikipedia:討論頁指引	zh
Wikipedia:詢問處/存檔/2012年11月	zh
Wikipedia:話題標準	zh
Wikipedia:誰在寫維基百科	zh
Wikipedia:誹謗	zh
Wikipedia:調解委員會	zh
Wikipedia:請傷害新手	zh
Wikipedia:請求	zh
Wikipedia:請求授權範例	zh
Wikipedia:請求評論	zh
Wikipedia:請求評論/傳記	zh
Wikipedia:請求評論/全部	zh
Wikipedia:請求評論/媒體、藝術與建築	zh
Wikipedia:請求評論/宗教與哲學	zh
Wikipedia:請求評論/政治、政府與法律	zh
Wikipedia:請求評論/數學、科學與科技	zh
Wikipedia:請求評論/未分類	zh
Wikipedia:請求評論/條目主題	zh
Wikipedia:請求評論/歷史與地理	zh
Wikipedia:請求評論/社會、體育運動與文化	zh
Wikipedia:請求評論/範例格式	zh
Wikipedia:請求評論/經濟、貿易與公司	zh
Wikipedia:請求評論/維基專題與協作	zh
Wikipedia:請求評論/維基百科技術議題與模板	zh
Wikipedia:請求評論/維基百科提議	zh
Wikipedia:請求評論/維基百科方針與指引	zh
Wikipedia:請求評論/維基百科格式與命名	zh
Wikipedia:請求評論/計畫層級主題	zh
Wikipedia:請求評論/語言及語言學	zh
Wikipedia:論述	zh
Wikipedia:論述不是方針	zh
Wikipedia:論述或草案不該當作方針來引用	zh
Wikipedia:論述的價值	zh
Wikipedia:論述的簡而言之列表	zh
Wikipedia:論述目錄	zh
Wikipedia:謝謝	zh
Wikipedia:譯名規範	zh
Wikipedia:讓步	zh
Wikipedia:讨论垃圾内容	zh
Wikipedia:讨论页	zh
Wikipedia:论文中引用维基百科的内容	zh
Wikipedia:讽刺可真是有用呢	zh
Wikipedia:诚实	zh
Wikipedia:请勿使用开放代理	zh
Wikipedia:请恣意妄为地扯，方便我们恣意妄为地封人	zh
Wikipedia:请求保护页面	zh
Wikipedia:请求保护页面/保护存档/2007年10月－12月	zh
Wikipedia:请求保护页面/保护存档/2011年10月	zh
Wikipedia:请求保护页面/存档	zh
Wikipedia:请求保护页面/解除存档/2012年	zh
Wikipedia:请求版权许可	zh
Wikipedia:请求管理员帮助	zh
Wikipedia:请进行澄清	zh
Wikipedia:读者常见问题解答	zh
Wikipedia:读者索引	zh
Wikipedia:資料庫報告	zh
Wikipedia:資訊框列表	zh
Wikipedia:贈品	zh
Wikipedia:贛語維基百科	zh
Wikipedia:贡献出您所知的或您愿意学习的	zh
Wikipedia:账号请求	zh
Wikipedia:账户安全	zh
Wikipedia:跟图片打交道	zh
Wikipedia:跨命名空間重新導向	zh
Wikipedia:跨維基匯入者	zh
Wikipedia:跨維基匯入者/匯入請求	zh
Wikipedia:跨语言协作	zh
Wikipedia:車輪戰/更新草案2018.04	zh
Wikipedia:软重定向	zh
Wikipedia:边缘学说	zh
Wikipedia:过多垃圾的列表	zh
Wikipedia:过度分类	zh
Wikipedia:这里是共构百科全书之地	zh
Wikipedia:通用行為準則	zh
Wikipedia:通知	zh
Wikipedia:通知/FAQ	zh
Wikipedia:連結至外部騷擾	zh
Wikipedia:過濾器助理	zh
Wikipedia:避免使用模糊的縮寫	zh
Wikipedia:避免使用的字詞/配置	zh
Wikipedia:避免地域中心	zh
Wikipedia:避免地球中心	zh
Wikipedia:避免常见错误	zh
Wikipedia:避免撰寫冗餘的論述	zh
Wikipedia:避免維基百科狂	zh
Wikipedia:避免說明氾濫	zh
Wikipedia:那不勒斯語維基百科	zh
Wikipedia:邪恶五大支柱	zh
Wikipedia:邮件列表	zh
Wikipedia:部門	zh
Wikipedia:醫學資訊	zh
Wikipedia:重定向	zh
Wikipedia:重定向/删除的原因	zh
Wikipedia:重定向成本低廉	zh
Wikipedia:重要度	zh
Wikipedia:針對GFDL侵權的標準信件	zh
Wikipedia:針對所有授權請求的同意聲明書	zh
Wikipedia:鍵盤快捷鍵	zh
Wikipedia:钱币学条目指引	zh
Wikipedia:铁路系统标示	zh
Wikipedia:铁路系统标示/图例	zh
Wikipedia:铁路系统标示/图标列表	zh
Wikipedia:铁路系统标示/图标列表/交汇道口/交叉	zh
Wikipedia:铁路系统标示/图标列表/其他	zh
Wikipedia:铁路系统标示/图标列表/半宽度图标	zh
Wikipedia:铁路系统标示/图标列表/复线图标	zh
Wikipedia:铁路系统标示/图标列表/复线过渡	zh
Wikipedia:铁路系统标示/图标列表/普通公路	zh
Wikipedia:铁路系统标示/图标列表/直线线路图标	zh
Wikipedia:铁路系统标示/图标列表/线路交汇	zh
Wikipedia:铁路系统标示/图标列表/线路交汇/2线交汇	zh
Wikipedia:铁路系统标示/图标列表/线路交汇/3线交汇	zh
Wikipedia:铁路系统标示/图标列表/线路交汇/复线45°与90°支线	zh
Wikipedia:铁路系统标示/图标列表/线路交汇/复线相交与渡线	zh
Wikipedia:铁路系统标示/图标列表/线路交汇/混合交汇	zh
Wikipedia:铁路系统标示/图标列表/线路交汇/直线复线	zh
Wikipedia:铁路系统标示/图标列表/线路交汇/线路十字相交	zh
Wikipedia:铁路系统标示/图标列表/线路分支	zh
Wikipedia:铁路系统标示/图标列表/车站	zh
Wikipedia:铁路系统标示/图标列表/道岔与渡线	zh
Wikipedia:错误报告	zh
Wikipedia:错误报告/存档1	zh
Wikipedia:错误版本	zh
Wikipedia:长期小作品	zh
Wikipedia:閩東語維基百科	zh
Wikipedia:關我鳥事主義	zh
Wikipedia:關於維基百科你或許不知道的十件事	zh
Wikipedia:關注度 (交通)	zh
Wikipedia:關注度 (動物)	zh
Wikipedia:關注度 (天體)	zh
Wikipedia:關注度 (學者)	zh
Wikipedia:關注度 (書籍)	zh
Wikipedia:關注度 (足球員)	zh
Wikipedia:關注度 (運動員)	zh
Wikipedia:關注度 (電子遊戲)	zh
Wikipedia:關注度 (音樂)	zh
Wikipedia:關閉存廢討論指引	zh
Wikipedia:防滥用过滤器	zh
Wikipedia:防滥用过滤器/列表	zh
Wikipedia:防滥用过滤器/操作指引	zh
Wikipedia:防滥用过滤器/过滤器请求	zh
Wikipedia:防滥用过滤器/错误报告	zh
Wikipedia:阿拉贡语维基百科	zh
Wikipedia:阿斯圖里亞語維基百科	zh
Wikipedia:阿羅馬尼亞語維基百科	zh
Wikipedia:陰謀集團	zh
Wikipedia:隐退	zh
Wikipedia:集中討論	zh
Wikipedia:集中討論/2019年討論頁諮詢	zh
Wikipedia:集中討論/存檔	zh
Wikipedia:雪球法则	zh
Wikipedia:需要关注的页面	zh
Wikipedia:需要管理員注意的用戶名	zh
Wikipedia:需進行工作列表	zh
Wikipedia:非原创研究	zh
Wikipedia:非歧视方针	zh
Wikipedia:非管理員關閉討論	zh
Wikipedia:非美国版权	zh
Wikipedia:非自由内容使用准则	zh
Wikipedia:非自由内容使用准则/span	zh
Wikipedia:非自由文件使用依据指南	zh
Wikipedia:頁面分類	zh
Wikipedia:頁面分類與子分類	zh
Wikipedia:頁面存廢和諧討論	zh
Wikipedia:頁面存廢和諧討論/記錄/2018/04/01	zh
Wikipedia:頁面存廢和諧討論/記錄/2019/04/01	zh
Wikipedia:頁面存廢和諧討論/記錄/2020/04/01	zh
Wikipedia:頁面存廢和諧討論/記錄/2021/04/01	zh
Wikipedia:頁面存廢和諧討論/記錄/2022/04/01	zh
Wikipedia:頁面存廢案例	zh
Wikipedia:頁面存廢討論	zh
Wikipedia:頁面存廢討論/疑似侵權	zh
Wikipedia:頁面存廢討論/記錄	zh
Wikipedia:頁面存廢討論/記錄/2009/01/02	zh
Wikipedia:頁面存廢討論/記錄/2009/07/01	zh
Wikipedia:頁面存廢討論/記錄/2010/04/13	zh
Wikipedia:頁面存廢討論/記錄/2011/01/07	zh
Wikipedia:頁面存廢討論/記錄/2011/07/06	zh
Wikipedia:頁面存廢討論/記錄/2011/07/21	zh
Wikipedia:頁面存廢討論/記錄/2012/02/02	zh
Wikipedia:頁面存廢討論/記錄/2012/09/29	zh
Wikipedia:頁面存廢討論/記錄/2012/11/26	zh
Wikipedia:頁面存廢討論/記錄/2014/03/01	zh
Wikipedia:頁面存廢討論/記錄/2014/09/02	zh
Wikipedia:頁面存廢討論/記錄/2016/07/18	zh
Wikipedia:頁面存廢討論/記錄/2017/10/29	zh
Wikipedia:頁面存廢討論/記錄/2018/08/28	zh
Wikipedia:頁面存廢討論/記錄/2020/04/20	zh
Wikipedia:頁面存廢討論/記錄/2020/12/27	zh
Wikipedia:頂註	zh
Wikipedia:願意做出棘手封禁的管理員	zh
Wikipedia:顯然的傀儡是顯然的	zh
Wikipedia:风险声明	zh
Wikipedia:首頁/temp06	zh
Wikipedia:首頁/temp08	zh
Wikipedia:首頁/簡單版面設計	zh
Wikipedia:首頁佇列	zh
Wikipedia:首頁更新指南/舊版	zh
Wikipedia:首页	zh
Wikipedia:首页/2018版	zh
Wikipedia:首页/UTC+8	zh
Wikipedia:首页/banner	zh
Wikipedia:首页/temp07	zh
Wikipedia:首页/全部	zh
Wikipedia:首页/历史	zh
Wikipedia:首页/后天	zh
Wikipedia:首页/明天	zh
Wikipedia:首页/昨天	zh
Wikipedia:首页/纯文本	zh
Wikipedia:首页/纯文本/旧版本	zh
Wikipedia:首页/自訂首頁設計/2004年版本	zh
Wikipedia:首页/自訂首頁設計/deep	zh
Wikipedia:首页/自訂首頁設計/gray	zh
Wikipedia:首页/自訂首頁設計/orange	zh
Wikipedia:首页/自订首页设计	zh
Wikipedia:首页/自订首页设计/2003年版本	zh
Wikipedia:首页/自订首页设计/2005年版本	zh
Wikipedia:首页/自订首页设计/2006年版本	zh
Wikipedia:首页/自订首页设计/2010年版本	zh
Wikipedia:首页/自订首页设计/旧版本	zh
Wikipedia:首页/错误	zh
Wikipedia:首页/错误/管理员指南	zh
Wikipedia:首页更新指南	zh
Wikipedia:香港維基人佈告板	zh
Wikipedia:香港維基人佈告板/條目提升檢討/存檔/2006年	zh
Wikipedia:香港維基人佈告板/香港條目提升計劃/提名	zh
Wikipedia:香港維基人佈告板/香港條目提升計劃提名/存檔/2006年	zh
Wikipedia:香港維基媒體協會/一週年紀念活動	zh
Wikipedia:香港維基媒體協會/兩週年慶祝活動	zh
Wikipedia:馬來西亞維基人佈告板	zh
Wikipedia:馬拉地語維基百科	zh
Wikipedia:騷擾	zh
Wikipedia:马格努斯·曼斯克日	zh
Wikipedia:高功能自閉症和亞斯伯格症候群編輯	zh
Wikipedia:高棉语维基百科	zh
Wikipedia:高级模板编程	zh
Wikipedia:高風險模板	zh
Wikipedia:鸭子测试	zh
