Wikipedia:Article titles	NA	(?:\bW(?:P:(?:N(?:A(?:M(?:INGCRITERIA|ECHANGES)|TURAL(?:NES|DI)S)|POV(?:TITL|NAM)E|DESC|OUN)|T(?:ITLE(?:(?:SPECIALCHARACTER|CHANGE)S|FORMAT|VAR|TM)?|RANSLITERATE|SC)|D(?:E(?:SCRIPDIS|FINITE)|IFF(?:PUNCT|CAPS))|P(?:OV(?:TITL|NAM)E|RECIS(?:ION|E)|ARENDIS)|C(?:O(?:MM(?:ONNAME|ADIS)|NCISE)|RITERIA)|A(?:T(?:D(?:AB|IS))?|rticle titles|ND)|(?:ITALICTITL|LOWERCAS)E|S(?:MALLDETAILS|INGULAR)|RECOGNIZABILITY|OTHERNAMES|U(?:CRN|E)|QUALIFIER|MOSAT)|ikipedia:Article titles)\b)
Wikipedia:Biographies of living persons	NA	(?:\bW(?:P:(?:B(?:LP(?:S(?:E(?:LF(?:PUB)?|EALSO)|OURCES?|TYLE|PS)|R(?:E(?:QUEST(?:RESTOR|DELET)|MOV)E|S)|C(?:O(?:MPLAINT?|I)|RIME|AT)|(?:NAM(?:EABUS)?|BALANC|1)E|P(?:RI(?:MAR|VAC)Y|UBLIC)|D(?:EL(?:ETE)?|S)|G(?:OSSI|ROU)P|KIND(?:NESS)?|E(?:DIT|L)|ADMINS|TALK|FR)?|iographies of living persons|IOSELF|DP)|(?:L(?:PNAM|IV)|PUBLICFIGUR|GRAPEVIN)E|N(?:OTPUBLICFIGURE|PF)|AVOIDVICTIM|WELLKNOWN|SUSPECT|DOB|MUG)|ikipedia:Biographies of living persons)\b)
Wikipedia:Image use policy	NA	(?:\bW(?:P:(?:I(?:UP(?:#(?:(?:COPYRIGH|FORMA)T|ANIM|NAME|RI)|C)?|M(?:AGE(?:SIZE|POL)|GSIZE)|mage use policy|QUEUE|G)|(?:(?:THUMB|FILE)SIZ|MONTAG)E|WATERMARK|GALLERY)|ikipedia:Image use policy)\b)
Wikipedia:Neutral point of view	NA	(?:\bW(?:P:(?:N(?:P(?:OV(?:(?:VIE|HO)W|FACT)?|V)|eutral point of view|EUTRAL)|(?:S(?:UB(?:STANTIAT|JECTIV)|TRUCTUR)|FALSEBALANC|(?:UN)?DU)E|A(?:(?:CHIEVE N|TTRIBUTE)POV|ESTHETIC)|P(?:OV(?:NAMING)?|ROPORTION|SCI)|B(?:ALA(?:NCED?|SP)|ESTSOURCES)|W(?:IKIVOICE|EIGHT)|(?:IMPARTI|GEV)AL|(?:YES|RN)POV|TINFOILHAT|VALID|MNA)|ikipedia:Neutral point of view)\b)
Wikipedia:No original research	NA	(?:\bW(?:P:(?:S(?:YN(?:TH(?:ESIS)?)?|TICKTOSOURCE|ECONDARY)|N(?:o original research|OR)|T(?:RANSCRIPTION|ERTIARY)|O(?:R(?:IGINAL)?|I)|P(?:RIMARY|STS)|VERIFYOR|AEIS|CALC)|ikipedia:No original research)\b)
Wikipedia:Verifiability	NA	(?:\bW(?:P:(?:S(?:O(?:URCE(?:(?:ACCES)?S)?|CIALMEDIA)|ELFPUB(?:LISH)?|PS)|N(?:O(?:TR(?:ELIABLE|S)|N?ENG)|EWSBLOG)|V(?:erifiability|ER(?:IFY)?|NOTSUFF)?|R(?:E(?:D(?:FLAG|DIT)|FLOOP)|SUE)|EX(?:TRAORDINARY|CEPTIONAL)|P(?:AY(?:SITE|WALL)|ROVEIT)|C(?:IRC(?:ULAR)?|HALLENGE)|FAILEDVERIFICATION|U(?:NSOURCED|GS)|B(?:URDEN|LOGS)|YTCOPYRIGHT|(?:ONU|Q)S|ABOUTSELF|TWITTER)|ikipedia:Verifiability)\b)
Wikipedia:What Wikipedia is not	NA	(?:\bW(?:P:(?:NO(?:T(?:C(?:O(?:MPULSORY|OKBOOK|URT)|A(?:TALOG(?:UE)?|SE)|RYSTA(?:LBAL)?L|HANGELOG|LICKBAIT|ENSORED|V)|S(?:T(?:AT(?:S(?:BOOK)?|UTE)|ORAGE|UPID)|O(?:CIAL(?:NETWORK|MEDIA)?|APBOX)|PECULATION|CANDAL)|B(?:UR(?:EAU(?:CRACY)?|O)|ATTLE(?:GROUND)?|IBLIOGRAPHY|ROCHURE|LOG)|P(?:R(?:O(?:MO(?:TION)?|PAGANDA)|ESSRELEASE)|L(?:OT|UG)|APERS?)|D(?:I(?:R(?:ECTORY)?|ARY)|EM(?:OCRACY)?|ATINGSERVICE)|R(?:E(?:(?:CIP|SUM)E|POSITORY|QUIRED)|ADIOGUIDE|UMOR)|A(?:D(?:V(?:ERTISING|OCACY|ICE)|IARY)|NARCHY)|F(?:A(?:CTIONS|NSITE|Q)|REESPEECH|UTURE|ORUM)|G(?:A(?:MEHOST|LLERY)|ENEALOGY|OSSIP|UIDE)|W(?:H(?:OSWHO|ITE)|EBHOST|IKIA)|L(?:INK(?:FARM)?|A[BW]|YRICS)|M(?:(?:EMORI|ANU)AL|IRROR)|T(?:EXTBOOK|VGUIDE|RAVEL)|#DIC(?:T(?:IONARY)?|DEF)|E(?:VERYTHING|SSAY)|O(?:BITUARY|PINION)|J(?:OURNAL|ARGON)|HO(?:STING|WTO)|(?:IMAG|QUOT)E|NEWS(?:PAPER)?|YELLOW)?|SALESMEN)|C(?:(?:RYSTA(?:LBAL)?|BAL)L|H(?:OICE|AOS)|ENSOR(?:ED)?|OMPULSORY)|P(?:R(?:O(?:MO(?:TION)?|PAGANDA)|ESSRELEASE)|L(?:OT|UG)|APER)|B(?:A(?:TTLE(?:GROUND)?|DIDEA|LL)|UR(?:EAU|O))|W(?:H(?:ATISTOBEDONE|IM)|hat Wikipedia is not)|R(?:E(?:LEASENOTES|QUIRED)|AWDATA|UMOUR)|I(?:N(?:DISCRIMINATE|KLESS)|INFO)|S(?:OAP(?:BOX)?|PECULATION)|D(?:EM(?:OCRACY)?|IARY)|F(?:ACTIONS|UTURE|ORUM)|G(?:AMEGUID|RUDG)E|YELLOW(?:PAGES)?|UNCENSORED|LINKFARM|!)|ikipedia:What Wikipedia is not)\b)
Wikipedia:Wikipedia is not a dictionary	NA	(?:\bW(?:P:(?:W(?:ikipedia is not a dictionary|ORDISSUBJECT)|N(?:OT(?:DIC|NEO)|AD|EO)|ISA(?:TERM|WORD)FOR|POINTWIKT|DICDEF)|ikipedia:Wikipedia is not a dictionary)\b)
Wikipedia:Civility	NA	(?:\bW(?:P:(?:C(?:IV(?:IL)?|ivility)|I(?:DENTIFYUNCIVIL|UC)|R(?:EMOVEUNCIVIL|UC)|ESDO(?:NT)?S|UNCIVIL)|ikipedia:Civility)\b)
Wikipedia:Clean start	NA	(?:\bW(?:P:(?:C(?:lean start|LEANSTART)|(?:FRESH|NEW)START)|ikipedia:Clean start)\b)
Wikipedia:Consensus	NA	(?:\bW(?:P:(?:C(?:ON(?:A(?:CHIEVE|DMIN)|L(?:IMITED|EVEL)|EXCEPT|S)?|onsensus|CC)|(?:(?:IMPLIC|ED)IT|LOCAL)CONSENSUS|(?:TALKDONTREVER|OTHERPAREN)T|(?:ADMIN|FORUM)SHOP|NOCON(?:SENSUS)?)|ikipedia:Consensus)\b)
Wikipedia:Dispute resolution	NA	(?:\bW(?:P:(?:D(?:ispute resolution|IS(?:ENGAG|PUT)E|R(?:#RfCs)?)|CON(?:DUC|TEN)TDISPUTE|SEEKHELP|FOC)|ikipedia:Dispute resolution)\b)
Wikipedia:Edit warring	NA	(?:\bW(?:P:(?:(?:(?:AVOIDEDIT)?WA|(?:[014]|NOT3)R)R|E(?:dit warring|DITWAR|W)|3RR(?:BLP|NO)?)|ikipedia:Edit warring)\b)
Wikipedia:Editing policy	NA	(?:\bW(?:P:(?:E(?:diting policy|DIT(?:ING)?|P(?:TALK)?)|(?:UNRESPONSIV|HANDL)E|P(?:ERFECTION|RESERVE)|CA(?:UTIOUS|NTFIX)|W(?:ONTWORK|PEDIT)|(?:NOT|IM)PERFECT|FIXTHEPROBLEM|DON)|ikipedia:Editing policy)\b)
Wikipedia:Harassment	NA	(?:\bW(?:P:(?:H(?:A(?:R(?:ASS)?|#NOT)?|OUND(?:ING)?|arassment|USH|NE)|P(?:OSTEMAIL|RIVACY)|(?:EMAILPOS|NPL)T|WIKIHOUND(?:ING)?|O(?:UTING|WH)|D(?:OX|WH)|FOLLOWING|AOHA)|ikipedia:Harassment)\b)
Wikipedia:No personal attacks	NA	(?:\bW(?:P:(?:N(?:o personal attacks|PA(?:#WHATIS)?)|P(?:ERSONAL(?:ATTACKS)?|A)|(?:WIA|R)PA|AVOIDYOU)|ikipedia:No personal attacks)\b)
Wikipedia:Ownership of content	NA	(?:\bW(?:P:(?:O(?:WN(?:ER(?:SHIP)?|BEHAVIOR)?|wnership of content|AS)|S(?:TEWARDSHIP|HEPHERD))|ikipedia:Ownership of content)\b)
Wikipedia:Sock puppetry	NA	(?:\bW(?:P:(?:S(?:OCK(?:#NOTIFY|LEGIT)?|ock puppetry|TRAWSOCK|CRUTINY|HARE|PCU)|(?:MEA(?:TPUPPE)?|VALIDAL|ILLEGI)T|A(?:DMINSOCK|LTACCN)|LO(?:UTSOCK|GOUT)|RO(?:OMMAT|L)E|H(?:SOCK|AND)|D(?:OPP|G)|COWORKER|BADSOCK|FAMILY|EWLO|GHBH)|ikipedia:Sock puppetry)\b)
Wikipedia:Username policy	NA	(?:\bW(?:P:(?:(?:(?:DISRUPT|ATTACK|PROMO|CORP|REAL|ORG)NAM|B(?:LPABUS|ADNAM)|LATINPLEAS)E|U(?:SE(?:MODDOMAIN|RNAME)|sername policy|NC(?:ONF)?|POL)|M(?:ULTI(?:ACCOUNT|PLE)|ISLEADNAME)|I(?:MPERSONAT(?:OR|E)|S?U)|NO(?:SHARING|NLATIN|EMOJI)|S(?:HAREDACCOUNT|PAMNAME))|ikipedia:Username policy)\b)
Wikipedia:Vandalism	NA	(?:\bW(?:P:(?:V(?:AND(?:TYPES|NOT|AL)?|andalism|D)|NO(?:TV(?:AND(?:ALISM)?)?|RESVAND)|S(?:POTVAN|NEAKY)|W(?:ARNVAND|HOIS)|MOVEVANDAL|TRACEIP|HTSV|RVAN)|ikipedia:Vandalism)\b)
Wikipedia:Attack page	NA	(?:\bW(?:P:(?:A(?:T(?:TACK|P)|ttack page)|NEGATIVESPIN)|ikipedia:Attack page)\b)
Wikipedia:Criteria for speedy deletion	NA	(?:\bW(?:P:(?:C(?:riteria for speedy deletion|SD(?:#F1)?|CSD|1)|G(?:[23456789]|1[01234]?|CSD)|F(?:[23456789]|1[01]|CSD)|A(?:[23579]|1[01]?|CSD)|U(?:[1235]|CSD)|R(?:[234]|CSD)|P(?:[12]|CSD)|T(?:[23]|CSD)|(?:NOT|O)CSD|X(?:CSD|2)|SPEEDY)|ikipedia:Criteria for speedy deletion)\b)
Wikipedia:Deletion policy	NA	(?:\bW(?:P:(?:D(?:EL(?:#(?:PROCESSES|CONTENT|REASON)|-(?:PROCESSES|CONTENT|REASON)|AFD|ETE)?|eletion policy|P(?:AFD)?)|ATD(?:-(?:[EIMR]|T(?:RANS)?))?|BIODEL(?:ETE)?|PERMADEL|CBLANK|UDP)|ikipedia:Deletion policy)\b)
Wikipedia:Oversight	NA	(?:\bW(?:P:(?:O(?:S(?:POL)?|versight|VER)|SUPPRESS)|ikipedia:Oversight)\b)
Wikipedia:Proposed deletion	NA	(?:\bW(?:P:(?:P(?:R(?:OD(?:NOM)?|D)|roposed deletion)|(?:CONTESTE|DEPRO|SECON)D)|ikipedia:Proposed deletion)\b)
Wikipedia:Proposed deletion (books)	NA	(?:\bW(?:P:(?:Proposed deletion (books)|B(?:OOK)?PROD)|ikipedia:Proposed deletion (books))\b)
Wikipedia:Proposed deletion of biographies of living people	NA	(?:\bW(?:P:(?:Proposed deletion of biographies of living people|BLPPROD|STICKY)|ikipedia:Proposed deletion of biographies of living people)\b)
Wikipedia:Revision deletion	NA	(?:\bW(?:P:(?:R(?:EVDEL(?:REQUEST)?|evision deletion|VDL)|CF?RD)|ikipedia:Revision deletion)\b)
Wikipedia:Administrators	NA	(?:\bW(?:P:(?:A(?:DMIN(?:A(?:BUSE|CCT)|ISTRATORABUSE|COND)?|dministrators|NYUSER)|IN(?:ACTIVITY|VOLVED)|MOP(?:RIGHTS|FIGHT)?|S(?:ECUREADMIN|YSOP)|(?:NOBIG)?DEAL|W(?:HEEL|W)|TOOLMISUSE|UNINVOLVED|RAAA|0WW)|ikipedia:Administrators)\b)
Wikipedia:Banning policy	NA	(?:\bW(?:P:(?:B(?:AN(?:BLOCKDIFF|LENGTH|REVERT|POL|EX)?|anning policy|LOCKBANDIFF|MB)|C(?:ONDUCTTOBANNED|BAN)|RE(?:CIDIVISM|VERTBAN)|T(?:HREESTRIKES|BAN)|P(?:ROXYING|BAN)|(?:[AIS]|UN)BAN|3(?:STRIKES|X))|ikipedia:Banning policy)\b)
Wikipedia:Blocking policy	NA	(?:\bW(?:P:(?:B(?:LOCK(?:EV(?:IDENCE|ASION)|P(?:REVENTATIVE)?|NO(?:TPUNITIVE)?|DETERRENT|ME)?|E(?:FOREBLOCK(?:ING)?)?|locking policy|P)|C(?:O(?:NDUNBLOCK|LLATERAL|OLDOWN)|UBL|DB)|(?:S(?:ELF|OFT)|HARD|WHY)BLOCK|E(?:VA(?:SION|DE)|XPLAINBLOCK)|N(?:EVERUNBLOCK|OPUNISH)|O(?:PTIONS|SBL)|INDEF|GB)|ikipedia:Blocking policy)\b)
Wikipedia:Protection policy	NA	(?:\bW(?:P:(?:P(?:R(?:E(?:EMPTIVE|FER)|OTECT)|P(?:INDEF|LIST|DRV)?|(?:URPLE|INK)LOCK|rotection policy|ERM-PRO|TPROT|CPP)|S(?:(?:KYBLUE|ILVER)LOCK|(?:UPERPROTEC|AL)T|EMI)|(?:G(?:REEN|OLD)|BL(?:ACK|UE)|ORANGE|RED)LOCK|T(?:URQUOISELOCK|PROT)|W(?:HITELOCK|MF-PRO)|UP(?:LOAD-P|P?ROT)|(?:MOV|EC)P|NO-PREEMPT|CASCADE|FULL)|ikipedia:Protection policy)\b)
Wikipedia:Child protection	NA	(?:\bW(?:ikipedia|P):Child protection\b)
Wikipedia:Copyright violations	NA	(?:\bW(?:P:(?:C(?:opyright violations|VTOOLS)|DCV)|ikipedia:Copyright violations)\b)
Wikipedia:Copyrights	NA	(?:\bW(?:P:(?:C(?:OPY(?:LINKS?|OTHERS)|opyrights)|LINKVIO)|ikipedia:Copyrights)\b)
Wikipedia:Libel	NA	(?:\bW(?:ikipedia|P):Libel\b)
Wikipedia:No legal threats	NA	(?:\bW(?:ikipedia|P):No legal threats\b)
Wikipedia:Non-discrimination policy	NA	(?:\bW(?:ikipedia|P):Non-discrimination policy\b)
Wikipedia:Non-free content criteria	NA	(?:\bW(?:P:N(?:on-free content criteria|FCC[EP])|ikipedia:Non-free content criteria)\b)
Wikipedia:Paid-contribution disclosure	NA	(?:\bW(?:ikipedia|P):Paid-contribution disclosure\b)
Wikipedia:Reusing Wikipedia content	NA	(?:\bW(?:ikipedia|P):Reusing Wikipedia content\b)
Wikipedia:Terms of use	NA	(?:\bW(?:ikipedia|P):Terms of use\b)
Wikipedia:Arbitration Committee/CheckUser and Oversight	NA	(?:\bW(?:P:(?:Arbitration Committee/CheckUser and Oversight|CUOS)|ikipedia:Arbitration Committee/CheckUser and Oversight)\b)
Wikipedia:Arbitration/Policy	NA	(?:\bW(?:P:(?:A(?:rbitration/Policy|RB(?:COND|POL)|P)|RECUSAL)|ikipedia:Arbitration/Policy)\b)
Wikipedia:Bot policy	NA	(?:\bW(?:P:(?:B(?:OT(?:(?:US(?:ERSPAC)?|REQUIR|ISSU)E|A(?:PP(?:ROV|E)AL|SSIST|CC)|(?:SCRIP|PCA)T|CO(?:NFIG|MM)|MULTIOP|BLOCK|FLAG|DEF)|ot policy|AGREQ)|(?:CO(?:SMETIC|NTEXT)|INTERWIKI|EXEMPT|SPELL)BOT|M(?:ASSCREATION|EATBOT)|A(?:DMINBOTS?|SSISTED))|ikipedia:Bot policy)\b)
Wikipedia:CheckUser	NA	(?:\bW(?:P:(?:NOTFISHING|CheckUser|PIXIEDUST)|ikipedia:CheckUser)\b)
Wikipedia:Edit filter helper	NA	(?:\bW(?:ikipedia|P):Edit filter helper\b)
Wikipedia:Event coordinator	NA	(?:\bW(?:ikipedia|P):Event coordinator\b)
Wikipedia:File mover	NA	(?:\bW(?:P:F(?:ILEREDIRECT|M(?:V/W|NN)|ile mover)|ikipedia:File mover)\b)
Wikipedia:Global rights policy	NA	(?:\bW(?:ikipedia:(?:Global rights policy|OTRS members)|P:G(?:lobal rights policy|LOBALBOTS))\b)
Wikipedia:Interface administrators	NA	(?:\bW(?:ikipedia|P):Interface administrators\b)
Wikipedia:IP block exemption	NA	(?:\bW(?:P:(?:IP(?:E(?:XEMPTCONDITIONS|C(?:PROXY)?)| block exemption)|GIPBE)|ikipedia:IP block exemption)\b)
Wikipedia:New pages patrol/Reviewers	NA	(?:\bW(?:ikipedia|P):New pages patrol/Reviewers\b)
Wikipedia:Open proxies	NA	(?:\bW(?:ikipedia|P):Open proxies\b)
Wikipedia:Page mover	NA	(?:\bW(?:P:(?:P(?:M(?:R[CR]|VRC)|age mover)|ROBIN)|ikipedia:Page mover)\b)
Wikipedia:Policies and guidelines	NA	(?:\bW(?:P:(?:P(?:G(?:(?:CHANG|LIF)E|BOLD)|olicies and guidelines|OL(?:ICIES|CON)|ROPOSAL)|(?:ENFORCEMEN|TALKFIRS|NOTPAR)T|HISTORICAL|GUIDES)|ikipedia:Policies and guidelines)\b)
Wikipedia:Template editor	NA	(?:\bW(?:P:T(?:PE(?:REVOKE|GRANT)|emplate editor)|ikipedia:Template editor)\b)
Wikipedia:Volunteer Response Team	NA	(?:\bW(?:ikipedia|P):Volunteer Response Team\b)
Wikipedia:Wikimedia policy	NA	(?:\bW(?:ikipedia|P):Wikimedia policy\b)
Wikipedia:Ignore all rules	NA	(?:\b(?:W(?:P:I(?:gnore all rules|GNORE|AR)|ikipedia:Ignore all rules)|w.wiki/i)\b)
Wikipedia:Password strength requirements	NA	(?:\bW(?:P:(?:P(?:assword strength requirements|SR)|STRONGPASS)|ikipedia:Password strength requirements)\b)
Wikipedia:Assume good faith	NA	(?:\bW(?:P:(?:A(?:ssume good faith|GFC?|OBF)|G(?:OODFAITH|F)|FAITH|DGF)|ikipedia:Assume good faith)\b)
Wikipedia:Conflict of interest	NA	(?:\bW(?:P:(?:C(?:O(?:I(?:(?:A(?:TTRIBUT|DVIC)|RESPONS)E|C(?:O(?:PYRIGHT|IN)|AMPAIGN)|P(?:AYDISCLOSE|OLITICAL)| is not simply bias|DISCLOSEPAY|NOTBIAS|LEGAL|EDIT|SELF|TALK|BLP|U)?|(?:NFLIC|VER)T)|onflict of interest|URATOR)|P(?:A(?:ID(?:ATTRIBUTE|COPYRIGHT)|Y(?:TALK)?)|OTENTIALCOI|E)|(?:A(?:PPARENT|CTUAL)|F)COI|(?:SELF(?:PROMO|CI)T|UP)E|NO(?:HIDDENADS|P(?:AY|R))|D(?:ISCLOSE|COI)|EXTERNALREL|Open a COIN|LUC)|ikipedia:Conflict of interest)\b)
Wikipedia:Disruptive editing	NA	(?:\bW(?:P:(?:D(?:IS(?:RUPT(?:SIGNS)?)?|isruptive editing|(?:AP|D)?E|ONTGETIT)|I(?:D(?:IDNTHEARTHA|H)T|CANTHEARYOU)|NOTGETTINGIT|RUNAWAY|CTDAPE|LISTEN|HUH?)|ikipedia:Disruptive editing)\b)
Wikipedia:Do not disrupt Wikipedia to illustrate a point	NA	(?:\bW(?:P:(?:Do not disrupt Wikipedia to illustrate a point|NOTPOINTy|POINTy?)|ikipedia:Do not disrupt Wikipedia to illustrate a point)\b)
Wikipedia:Etiquette	NA	(?:\bW(?:P:(?:E(?:(?:TI)?Q|tiquette)|AVOIDABUSE|INDCRIT|DOOR|WQT?)|ikipedia:Etiquette)\b)
Wikipedia:Please do not bite the newcomers	NA	(?:\bW(?:P:(?:Please do not bite the newcomers|N(?:EWBIES|OOB)|(?:BIT|IJM)E|DBN)|ikipedia:Please do not bite the newcomers)\b)
Wikipedia:Signatures	NA	(?:\bW(?:P:(?:S(?:IG(?:#(?:N(?:[LT]|o(?:Templates|n-Latin|CAT))|CustomSig|[DE]L)|L(?:EN(?:GTH)?|INK)|N(?:(?:ATU|HE)RE)?|FO(?:RGE|NT)|IMAGE|PROB|APP|HOW)?|ignature(?: forgery|s))|(?:(?:[345]|FOUR)TILDE|NL)S|Appearance and color|CUSTOMSIG|UNSIGNED|TILDE|~)|ikipedia:Signatures)\b)
Wikipedia:Talk page guidelines	NA	(?:\bW(?:P:(?:T(?:ALK(?:#(?:(?:C(?:OMMUNIC|RE)AT|OBJECTIV|US)E|(?:DISCUS|FACT)S|NOMETA)|C(?:ENT|OND)|N(?:EW|O)|O)?|P(?:G(?:#YES)?|OC?|YES|NO)|alk page guidelines|OPPOST)|(?:(?:BOTTOM|CROSS-)PO|EXHAU)ST|(?:ARCHIVENOTDELET|INTERSPERS)E|S(?:HOUT(?:ING)?|PEAKENGLISH)|REDACT(?:ED)?|OWNTALK|MULTI)|ikipedia:Talk page guidelines)\b)
Wikipedia:User pages	NA	(?:\bW(?:P:(?:U(?:P(?:#(?:P(?:RO(?:TECT|MO)|OLEMIC)|DEL(?:TALK|ETE)|NOT(?:SUITED)?|C(?:OPIES|MT)|G(?:AME|OAL)S|OWN|SUB)|GOOD|NOT|YES)?|SER(?:(?:SUB)?PAGE|TALKBLOG|BIO)?|ser pages|OWN)|S(?:TALE(?:DRAFT)?|MI)|(?:FAKEARTICL|ORANG)E|N(?:EWMESSAGE|OBAN)|CREATEUSER#SUB|BLANKING|DELTALK|POLEMIC|REMOVED)|ikipedia:User pages)\b)
Wikipedia:Appealing a block	NA	(?:\bW(?:P:(?:A(?:ppealing a block|P(?:PEAL|B)|AB)|UNBLOCK)|ikipedia:Appealing a block)\b)
Wikipedia:Canvassing	NA	(?:\bW(?:P:(?:C(?:AN(?:VAS)?|anvassing)|VOTESTACK(?:ING)?|APPNOTE|STEALTH)|ikipedia:Canvassing)\b)
Wikipedia:Changing username/Guidelines	NA	(?:\bW(?:P:C(?:hanging username/Guidelines|HUG)|ikipedia:Changing username/Guidelines)\b)
Wikipedia:Courtesy vanishing	NA	(?:\bW(?:P:(?:C(?:ourtesy vanishing|V(?:AN|UT))|VANISH(?:ED )?|LEAVE|RTV)|ikipedia:Courtesy vanishing)\b)
Wikipedia:Deceased Wikipedians/Guidelines	NA	(?:\bW(?:P:D(?:eceased Wikipedians/Guidelines|WG)|ikipedia:Deceased Wikipedians/Guidelines)\b)
Wikipedia:Gaming the system	NA	(?:\bW(?:P:(?:G(?:A(?:M(?:(?:ETYP)?E|ING)|SLIGHT(?:ING)?)|aming the system)|S(?:ANCTIONGAM(?:ING|E)|PURIOUSPROTECT|TONEWALL)|F(?:ORCEDINTERPRET|ILIBUSTER)|ONEHANDGIVES|PLAYPOLICY)|ikipedia:Gaming the system)\b)
Wikipedia:Linking to external harassment	NA	(?:\bW(?:P:L(?:inking to external harassment|INKLOVE)|ikipedia:Linking to external harassment)\b)
Wikipedia:Responding to threats of harm	NA	(?:\bW(?:P:(?:Responding to threats of harm|(?:VIOLENC|SUICID)E|EMERGENCY|URGENT|911 )|ikipedia:Responding to threats of harm)\b)
Wikipedia:Reviewing pending changes	NA	(?:\bW(?:P:R(?:eviewing pending changes|PC)|ikipedia:Reviewing pending changes)\b)
Wikipedia:Rollback	NA	(?:\bW(?:P:R(?:OLL(?:BACK(?:USE)?)?|ollback|BK)|ikipedia:Rollback)\b)
Wikipedia:Spam blacklist	NA	(?:\bW(?:P:(?:S(?:pam blacklist|PB)|BLACKLIST)|ikipedia:Spam blacklist)\b)
Wikipedia:Autobiography	NA	(?:\bW(?:P:(?:A(?:UTO(?:#IFEXIST|BIOG?|PROB)?|utobiography|B)|YOURSELF)|ikipedia:Autobiography)\b)
Wikipedia:Citing sources	NA	(?:\bW(?:P:(?:I(?:N(?:LINEC(?:ITE(?:CLUTTER)?|LUTTER)|TE(?:GRITY|XT)|DICATEAVAIL|CITE)|LCLUTTER|BID)|C(?:ITE(?:(?:BUNDL|TYP)E|S(?:HORT|TYLE)|CONSENSUS|FOOT|HOW|VAR|WEB)?|iting sources|S)|S(?:AYWHERE(?:YOU(?:READ|GOT)IT)?|OURCELINKS|WY[GR]T|FN)|(?:WH(?:EN(?:NOTCIT|INROM)|YCIT)|(?:HOW|NO)CIT)E|B(?:OOKLINKS|UNDLING|LPCITE)|D(?:UPCITES|EADREF)|PAGE(?:LINKS|NUM)|G(?:BOOKS|ENREF)|ASL|REF)|ikipedia:Citing sources)\b)
Wikipedia:Content forking	NA	(?:\bW(?:P:(?:C(?:ONTENTFORK(?:ING)?|ontent forking|FORK)|RE(?:DUNDANTFORK|LART?)|POV(?:SPLIT|FORK)|S(?:PINOFF|UBPOV))|ikipedia:Content forking)\b)
Wikipedia:External links	NA	(?:\bW(?:P:(?:E(?:L(?:M(?:IN(?:OFFICIAL)?|AYBE)|B(?:URDEN|LP)|PO(?:INTS|V)|D(?:EAD|UP)|N(?:EVER|O)|R(?:EG|C)|T(?:EMP)?|OFFICIAL|#ADV|CITE|LIST|YES|WD)?|xternal links|XT)|(?:COPYVIO|NONENG)EL|Y(?:OUTUBE|T)|LINKSTOAVOID|RICHMEDIA|ADV)|ikipedia:External links)\b)
Wikipedia:Fringe theories	NA	(?:\bW(?:P:(?:F(?:R(?:IN(?:GE(?:LEVEL|/PS|BLP)?|D)|NG)|ringe theories|DESC)|(?:EVAL|BLP|N)FRINGE|P(?:ROFRINGE|ARITY)|ONEWAY|DESCF|ITA)|ikipedia:Fringe theories)\b)
Wikipedia:Images	NA	(?:\bW(?:P:(?:I(?:MAGES?|mages)|PICTURES?)|ikipedia:Images)\b)
Wikipedia:No disclaimers in articles	NA	(?:\bW(?:P:(?:N(?:o disclaimers in articles|ODISCLAIMERS|D[AT])|DISCLAIM)|ikipedia:No disclaimers in articles)\b)
Wikipedia:Non-free content	NA	(?:\bW(?:P:(?:N(?:F(?:C(?:[IP]|#(?:UU(?:LP|I)|CS)|C(?:EG?|P))?|LISTS|TABLE|EXMP|G)|on-free content|ONFREE)|I(?:mage resolution|MAGERES)|F(?:AIRUSE |REER)?|TOP100|GETTY)|ikipedia:Non-free content)\b)
Wikipedia:Plagiarism	NA	(?:\bW(?:P:(?:P(?:LAG(?:FORMS?|IARISM)?|lagiarism)|(?:FREECOPYIN|NONENGPLA)G)|ikipedia:Plagiarism)\b)
Wikipedia:Reliable sources	NA	(?:\bW(?:P:(?:R(?:S(?:/(?:[AM]C|SPS)|BREAKING|CONTEXT|OPINION|PRIMARY| AGE|SELF)?|EL(?:IAB(?:ILITY|LE)|Y)|eliable sources)|S(?:CHOLARSHIP|OURCETYPES|ELFSOURCE|PONSORED)|U(?:SE(?:RG(?:ENERATED)?|BYOTHERS)|BO|GC)|(?:CONTEXTMATTE|WPNOT)RS|A(?:GE MATTERS|FFILIATE)|P(?:UBLISHED|ARTISAN)|QUESTION(?:ABLE|ED)|BIASED(?:SOURCES)?|NEWSORG)|ikipedia:Reliable sources)\b)
Wikipedia:Spoiler	NA	(?:\bW(?:P:(?:S(?:POIL(?:ER(?:ALERT)?)?|poiler|W )|PREVIEWS)|ikipedia:Spoiler)\b)
Wikipedia:Wikipedia is not for things made up one day	NA	(?:\bW(?:P:(?:Wikipedia is not for things made up one day|N(?:OTMADEUP|FT)|SCRABBLE|MADEUP|ONEDAY|1DAY )|ikipedia:Wikipedia is not for things made up one day)\b)
Wikipedia:Accuracy dispute	NA	(?:\bW(?:P:(?:A(?:ccuracy dispute|D)|D(?:ISPUTED|UBIOUS))|ikipedia:Accuracy dispute)\b)
Wikipedia:Anarchism referencing guidelines	NA	(?:\bW(?:P:A(?:narchism referencing guidelines|N(?: OPINION|CITE)|LL ANARCHISTS|RGH)|ikipedia:Anarchism referencing guidelines)\b)
Wikipedia:Do not create hoaxes	NA	(?:\bW(?:P:(?:D(?:o not create hoaxes|(?:ONT|W)HOAX|NCH)|N(?:OHOAXES|HOAX)|HOAX)|ikipedia:Do not create hoaxes)\b)
Wikipedia:Do not include the full text of lengthy primary sources	NA	(?:\bW(?:P:(?:Do not include the full text of lengthy primary sources|N(?:OFULLTEXT|PS))|ikipedia:Do not include the full text of lengthy primary sources)\b)
Wikipedia:Logos	NA	(?:\bW(?:P:(?:L(?:OGOS?|ogos)|BANDLOGO)|ikipedia:Logos)\b)
Wikipedia:No 3D illustrations	NA	(?:\bW(?:P:(?:No 3D illustrations|3D)|ikipedia:No 3D illustrations)\b)
Wikipedia:Non-U.S. copyrights	NA	(?:\bW(?:P:(?:N(?:on-U.S. copyrights|USC)|URAA)|ikipedia:Non-U.S. copyrights)\b)
Wikipedia:Offensive material	NA	(?:\bW(?:P:(?:O(?:ffensive material|M)|(?:BOWDLERIZ|PROFAN)E|G(?:RATUITOUS|FFENSE)|F*\**|SHIT)|ikipedia:Offensive material)\b)
Wikipedia:Patent nonsense	NA	(?:\bW(?:P:(?:P(?:atent nonsense|ATENT|N)|NONSENSE)|ikipedia:Patent nonsense)\b)
Wikipedia:Portal/Guidelines	NA	(?:\bW(?:P:P(?:ortal/Guidelines|O(?:RT)?G)|ikipedia:Portal/Guidelines)\b)
Wikipedia:Spam	NA	(?:\bW(?:P:(?:S(?:PAM(?:LINKS?|#LINK|BAIT|MER)?|pam)|A(?:D(?:MAS[KQ]|S)|RTSPAM)|(?:CITE|LINK|REF)SPAM|B(?:OOKSPAM|ROCHURE)|OTHERSPAM(?:EXISTS)?|EXTPROMO)|ikipedia:Spam)\b)
Wikipedia:Television episodes	NA	(?:\bW(?:P:(?:T(?:elevision episodes|VEP)|EPISODE)|ikipedia:Television episodes)\b)
Wikipedia:Record charts	NA	(?:\bW(?:P:(?:(?:(?:B(?:ILLBOAR|A)|GOO)D|OKAY|US)CHARTS|SINGLE(?:NETWORK|VENDOR)|CHART(?:MATH|TRAJ)?|Record charts)|ikipedia:Record charts)\b)
Wikipedia:Days of the year	NA	(?:\bW(?:P:(?:D(?:O(?:Y(?:CITE)?|TY)|ays of the year|EATHDOY)|BIRTHDOY|NGS)|ikipedia:Days of the year)\b)
Wikipedia:Manual of Style/Video games	NA	(?:\bW(?:P:(?:VG(?:/(?:P(?:O[PV]|LOT)|(?:MIXE|LEA)D|RE(?:LEASE|C)|DATE(?:CAT)?|CONTENT|NONENG|STYLE|EL|JP)|IMAGES|JARGON|LAYOUT|ORDER|SCOPE|BOX)|M(?:anual of Style/Video games|OSVG)|GAMECRUFT|JFN)|ikipedia:Manual of Style/Video games)\b)
Wikipedia:Deletion process	NA	(?:\bW(?:P:(?:D(?:PR(?:#(?:[ACFMRT]FD|DRV|NAC))?|ELPRO(?:#(?:[ACFMRT]FD|DRV))?|eletion process)|(?:P(?:ROCEDURAL)?CLOS|BIGDELET)E|S(?:(?:OFTDELET|CLOS)E|EARCHDEL)|N(?:OQUORUM|ACD)|WITHDRAWN|RELIST|EARLY|XFD)|ikipedia:Deletion (?:proces|forum|venue)s)\b)
Wikipedia:Speedy keep	NA	(?:\bW(?:P:(?:S(?:K(?:(?:#NO|CRI)T)?|peedy keep)|KEEP|CSK)|ikipedia:Speedy keep)\b)
Wikipedia:Deletion guidelines for administrators	NA	(?:\bW(?:P:(?:D(?:eletion guidelines for administrators|GFA)|ROUGHCONSENSUS)|ikipedia:Deletion guidelines for administrators)\b)
Wikipedia:Article size	NA	(?:\bW(?:P:(?:S(?:(?:UBARTIC|IZERU)LE|P(?:LITLIS|INOU)T)|A(?:rticle size|S)|(?:CHOKIN|TOOBI)G|LENGTH|HASTE|RPS)|ikipedia:Article size)\b)
Wikipedia:Be bold	NA	(?:\bW(?:P:(?:B(?:OLD(?:NOTOBLIGATORY)?|e bold|NO|B)|(?:SO)?FIXIT|RECKLESS|CAREFUL|GLC)|ikipedia:Be bold)\b)
Wikipedia:Disambiguation	NA	(?:\bW(?:P:(?:D(?:AB(?:N(?:O(?:INCLUDE|T)|AME)|A(?:CRONYM|BBREV)|CO(?:MBINE|NCEPT)|S(?:ISTER|TYLE)|DI(?:SPLAY|C)|RE(?:LATED|F)|LINKS?)?|ETERMINEPRIMARY|(?:OUBLE)?DAB|isambiguation|ISAMBIG|PAGES?|LINKS|BC)?|P(?:RIMARY(?:REDIRECT|TOPIC|USAGE)|T(?:OPIC|M)|ARTIAL)|IN(?:TDAB(?:LINK|S)?|C(?:OMP)?DAB)|N(?:OPRIMARY|AMELIST|WFCTM|CDAB)|F(?:IXDABLINKS|URTHERDAB)|T(?:(?:ITLE)?PTM|WODABS)|(?:CONCEPT|HOWTO)DAB|BUTIDONTKNOWABOUTIT|(?:MULTI|2)DABS|ONEOTHER)|ikipedia:(?:Disambiguation|PRIMARYRED))\b)
Wikipedia:Make technical articles understandable	NA	(?:\bW(?:P:(?:M(?:ake technical articles understandable|TAU)|O(?:VERSIMPLIFY|NEDOWN)|TECH(?:-CONTENT|NICAL)|EXPLAINLEAD|UPFRONT)|ikipedia:Make technical articles understandable)\b)
Wikipedia:Categories, lists, and navigation templates	NA	(?:\bW(?:P:(?:C(?:ategories, lists, and navigation templates|LNT?)|BIDI(?:RECTIONAL)?|N(?:OTDUPE?|AVBOX)|(?:FILM|PERF)NAV|LINKBACK|AOA[CL]|DOA[CL]|SIDEBAR)|ikipedia:Categories, lists, and navigation templates)\b)
Wikipedia:Categorization	NA	(?:\bW(?:P:(?:C(?:AT(?:DEF(?:INING)?|V(?:ER)?|#[TV]|EGORY)?|ategorization|G)|(?:T(?:EMPLATE|OPIC)?|HIDDEN|USERNO|FILE|MOS)CAT|S(?:(?:U(?:PER|B)|ET)CAT|ORTKEY)|D(?:(?:RAFTNO|UP)CAT|IFFUSE)|EPON(?:YMOUS)?|PROJCATS)|ikipedia:Categorization)\b)
Wikipedia:Categorization of people	NA	(?:\bW(?:P:(?:C(?:OP(?:S(?:EP)?|DEF|#N|/S)?|ategorization of people)|(?:(?:EPCATP|PE)ER|LISTA)S|S(?:EPARATE|UR)|NAMESORT|MCSTJR)|ikipedia:Categorization of people)\b)
Wikipedia:People by year	NA	(?:\bW(?:P:P(?:eople by year|BY)|ikipedia:People by year)\b)
Wikipedia:Categorization/Ethnicity, gender, religion and sexuality	NA	(?:\bW(?:P:(?:C(?:ategorization/Ethnicity, gender, religion and sexuality|AT(?:/(?:EGRS|GRS |R)|G(?:ENDER|RS)|EGRS))|E(?:THNICRACECAT|GRS)|FINAL RUNG|GHETTO)|ikipedia:Categorization/Ethnicity, gender, religion and sexuality)\b)
Wikipedia:Categorizing redirects	NA	(?:\bW(?:P:(?:Categorizing redirects|(?:R(?:ED)?|LISTR)CAT|INCOMPATIBLE)|ikipedia:Categorizing redirects)\b)
Wikipedia:User categories	NA	(?:\bW(?:P:U(?:SERCAT(?:YES|NO)?|ser categories|CAT)|ikipedia:User categories)\b)
Wikipedia:Overcategorization	NA	(?:\bW(?:P:(?:O(?:C(?:A(?:SSOC|WARD|T)|E(?:GRS|PON)|LOCATION|VENUE|MISC)?|(?:VER(?:LAP)?|PINION)CAT|vercategorization)|S(?:MALL(?:CAT)?|UBJECTIVECAT|HAREDNAME)|(?:ARBITRARY|CANDIDATE|PERF)CAT|N(?:ONDEF(?:INING)?|ARROWCAT)|T(?:RIVIALCAT|OPTEN))|ikipedia:Overcategorization)\b)
Wikipedia:Reviewing good articles	NA	(?:\bW(?:P:R(?:eviewing good articles|GA)|ikipedia:Reviewing good articles)\b)
Wikipedia:Subpages	NA	(?:\bW(?:P:(?:S(?:ubpages|UB|P)|TITLESLASH)|ikipedia:Subpages)\b)
Wikipedia:Copying within Wikipedia	NA	(?:\bW(?:P:(?:C(?:opying within Wikipedia|OPYWITHIN|WW)|ATT(?:REQ|SIT)|R(?:U[DU]|IA)|(?:NO|P)ATT|TFOLWP)|ikipedia:Copying within Wikipedia)\b)
Wikipedia:Hatnote	NA	(?:\bW(?:P:(?:H(?:AT(?:NOTE(?:PLACE|RULES)|EXTRA)?|N[PRS]?|atnote|RULES)|(?:(?:ONESHOR|LEGI)T|EL|TR|1)HAT|N(?:O(?:ARTICLE|TAMB)|AMB)|RE(?:LATED|DHAT)|SIMILAR)|ikipedia:Hatnote)\b)
Wikipedia:High-risk templates	NA	(?:\bW(?:P:H(?:igh-risk templates|IGHRISK|RT)|ikipedia:High-risk templates)\b)
Wikipedia:Page blanking	NA	(?:\bW(?:P:(?:P(?:age blanking|AGEBLANKING)|BLANK)|ikipedia:Page blanking)\b)
Wikipedia:Preparing images for upload	NA	(?:\bW(?:P:(?:P(?:reparing images for upload|IFU)|USOP)|ikipedia:Preparing images for upload)\b)
Wikipedia:Recent years	NA	(?:\bW(?:P:R(?:ecent years|Y[BD]?)|ikipedia:Recent years)\b)
Wikipedia:Red link	NA	(?:\bW(?:P:(?:R(?:ED(?:LINK(?:BIO|S)?|DEAL|NOT?|BIO|YES)?|ed link)|CHECKAFTERCREATE|INCOMINGLINKS)|ikipedia:Red link)\b)
Wikipedia:Reference desk/Guidelines	NA	(?:\bW(?:P:R(?:eference desk/Guidelines|D/G)|ikipedia:Reference desk/Guidelines)\b)
Wikipedia:Substitution	NA	(?:\bW(?:P:(?:S(?:UBST(?:(?:MUS|NO)T)?|ubstitution)|TSUB)|ikipedia:Substitution)\b)
Wikipedia:Summary style	NA	(?:\bW(?:P:(?:S(?:ummary style|UMMARY|YNC|S)|AVOIDSPLIT|DETAIL)|ikipedia:Summary style)\b)
Wikipedia:Updating information	NA	(?:\bW(?:ikipedia|P):Updating information\b)
Wikipedia:Content assessment	NA	(?:\bW(?:P:(?:(?:NONSTANDARDCLA|ASSE)SS|Content assessment|1.0/A)|ikipedia:Content assessment)\b)
Wikipedia:Broad-concept article	NA	(?:\bW(?:P:(?:DABCON(?:G(?:AME|EO|OV)|P(?:HYS|ROD)|BRAND|SPORT|MATH|OFF)|B(?:road-concept article|ROAD(?:CONCEPT)?|CA))|ikipedia:Broad-concept article)\b)
Wikipedia:Recent years	NA	(?:\bW(?:P:R(?:ecent years|Y[BD]?)|ikipedia:Recent years)\b)
Wikipedia:Stub	NA	(?:\bW(?:P:(?:S(?:TUB(?:S(?:PACING)?|DEF|IFY)?|VSP|tub)|(?:IDEAL|NEW|TAG|DE)STUB|P(?:ROJSTUB|SA))|ikipedia:Stub)\b)
Wikipedia:Set index articles	NA	(?:\bW(?:P:(?:S(?:ET(?:NOTDAB|INDEX)|et index articles|IA(?:NOTDAB)?)|NOTDAB)|ikipedia:Set index articles)\b)
Wikipedia:Redirect	NA	(?:\bW(?:P:(?:R(?:#(?:C(?:ATEGORY|RD)|ASTONISH|SUPPRESS|HARMFUL|DELETE|KEEP|PLA)|EDIR(?:ECTPROTECTION)?|P(?:ROTECTION|URPOSE)|NEUTRAL|edirect|SECT|TOA)?|B(?:LA(?:NKANDREDIRECT|R)|RINT)|N(?:AVNOREDIRECT|OTBROKEN)|(?:DONOTFIXI|TARGE)T|(?:SELF|ED)RED|POFR)|ikipedia:Redirect)\b)
Wikipedia:Soft redirect	NA	(?:\bW(?:P:S(?:OFT(?:REDIR|TEMP)|oft redirect|RD)|ikipedia:Soft redirect)\b)
Wikipedia:Article titles	NA	(?:\bW(?:P:(?:N(?:A(?:M(?:INGCRITERIA|ECHANGES)|TURAL(?:NES|DI)S)|POV(?:TITL|NAM)E|DESC|OUN)|T(?:ITLE(?:(?:SPECIALCHARACTER|CHANGE)S|FORMAT|VAR|TM)?|RANSLITERATE|SC)|D(?:E(?:SCRIPDIS|FINITE)|IFF(?:PUNCT|CAPS))|P(?:OV(?:TITL|NAM)E|RECIS(?:ION|E)|ARENDIS)|C(?:O(?:MM(?:ONNAME|ADIS)|NCISE)|RITERIA)|A(?:T(?:D(?:AB|IS))?|rticle titles|ND)|(?:ITALICTITL|LOWERCAS)E|S(?:MALLDETAILS|INGULAR)|RECOGNIZABILITY|OTHERNAMES|U(?:CRN|E)|QUALIFIER|MOSAT)|ikipedia:Article titles)\b)
Wikipedia:Category names	NA	(?:\bW(?:P:(?:C(?:ategory names|ATNAME)|NCCAT)|ikipedia:Category names)\b)
Wikipedia:File names	NA	(?:\bW(?:P:F(?:M(?:V/W|NN)|ile names|ILENAMES|NC)|ikipedia:File names)\b)
Wikipedia:Manual of Style/Abbreviations	NA	(?:\bW(?:P:(?:M(?:anual of Style/Abbreviations|OSABBR)|ACRONYMTITLE|NCA(?:CRO)?)|ikipedia:Manual of Style/Abbreviations)\b)
Wikipedia:Naming conventions (capitalization)	NA	(?:\bW(?:P:N(?:aming conventions (capitalization)|CC(?:APS|PT))|ikipedia:Naming conventions (capitalization))\b)
Wikipedia:Naming conventions (country-specific topics)	NA	(?:\bW(?:P:N(?:aming conventions (country-specific topics)|CCST)|ikipedia:Naming conventions (country-specific topics))\b)
Wikipedia:Naming conventions (definite or indefinite article at beginning of name)	NA	(?:\bW(?:P:(?:N(?:aming conventions (definite or indefinite article at beginning of name)|C(?:THE|AN))|THE(?:UNI)?)|ikipedia:Naming conventions (definite or indefinite article at beginning of name))\b)
Wikipedia:Naming conventions (events)	NA	(?:\bW(?:P:(?:N(?:aming conventions (events)|CE(?:VENTS)?|OYEAR)|D(?:ESCRIPTO|ISASTE)R)|ikipedia:Naming conventions (events))\b)
Wikipedia:Naming conventions (geographic names)	NA	(?:\bW(?:P:(?:N(?:C(?:P(?:LACE(?:DAB)?|HILIPPINE)|(?:FALKLA|I)ND|AUST|CS|GN)|aming conventions (geographic names)|BZ)|(?:S(?:COTLAND|RB)|U[KS]|VIET)PLACE|M(?:ODERNPLACENAME|PN)|PLACE(?:DAB)?|WIAN)|ikipedia:Naming conventions (geographic names))\b)
Wikipedia:Naming conventions (numbers and dates)	NA	(?:\bW(?:P:(?:N(?:aming conventions (numbers and dates)|C(?:D(?:URATION|ATES)|NUM))|DATERANGETITLES)|ikipedia:Naming conventions (numbers and dates))\b)
Wikipedia:Naming conventions (long lists)	NA	(?:\bW(?:P:N(?:aming conventions (long lists)|C(?:L(?:ONGLIST|L)|SPLITLIST))|ikipedia:Naming conventions (long lists))\b)
Wikipedia:Naming conventions (people)	NA	(?:\bW(?:P:(?:N(?:aming conventions (people)|C(?:P(?:DAB)?|BIO)|ICKNAME)|M(?:IDDL(?:ENAM)?E|ONONYM|AIDEN)|S(?:(?:INGL|TAG)ENAME|PNC)|(?:TITLESINTITLE|INIT)S|PSEUDONYM|JR/SR)|ikipedia:Naming conventions (people))\b)
Wikipedia:Naming conventions (plurals)	NA	(?:\bW(?:P:(?:N(?:aming conventions (plurals)|CPLURAL)|PLURAL(?:PT)?)|ikipedia:Naming conventions (plurals))\b)
Wikipedia:Naming conventions (technical restrictions)	NA	(?:\bW(?:P:(?:N(?:C(?:-(?:COLONS?|SLASH)|LOWERCASEFIRST|HASHTAG|TR)|aming conventions (technical restrictions))|TITLELENGTH)|ikipedia:Naming conventions (technical restrictions))\b)
Wikipedia:Naming conventions (use English)	NA	(?:\bW(?:P:(?:N(?:aming conventions (use English)|CUE)|DI(?:ACRITICS|VIDEDUSE)|E(?:STABLISHED|NGLISH)|UEIA)|ikipedia:Naming conventions (use English))\b)
Wikipedia:Naming conventions (aircraft)	NA	(?:\bW(?:P:(?:N(?:aming conventions (aircraft)|CAIR(?:CRAFT)?)|AIR/NC)|ikipedia:Naming conventions (aircraft))\b)
Wikipedia:Naming conventions (ancient Romans)	NA	(?:\bW(?:P:(?:N(?:aming conventions (ancient Romans)|CRN)|ROMANS)|ikipedia:Naming conventions (ancient Romans))\b)
Wikipedia:Naming conventions (Armenian)	NA	(?:\bW(?:P:(?:N(?:aming conventions (Armenian)|CARME(?:NIA)?N)|ARMEN)|ikipedia:Naming conventions (Armenian))\b)
Wikipedia:Naming conventions (astronomical objects)	NA	(?:\bW(?:P:(?:N(?:aming conventions (astronomical objects)|CASTRO)|(?:PLANET|STAR)NAMES)|ikipedia:Naming conventions (astronomical objects))\b)
Wikipedia:Naming conventions (Australian roads)	NA	(?:\bW(?:P:(?:N(?:aming conventions (Australian roads)|CAURD)|AURDNAME)|ikipedia:Naming conventions (Australian roads))\b)
Wikipedia:Naming conventions (baseball players)	NA	(?:\bW(?:P:N(?:aming conventions (baseball players)|C-?BASE)|ikipedia:Naming conventions (baseball players))\b)
Wikipedia:WikiProject Belgium/Castle, country house, château and kasteel naming conventions	NA	(?:\bW(?:ikipedia|P):WikiProject Belgium/Castle, country house, château and kasteel naming conventions\b)
Wikipedia:WikiProject Belgium/Alternate language names	NA	(?:\bW(?:ikipedia|P):WikiProject Belgium/Alternate language names\b)
Wikipedia:Naming conventions (books)	NA	(?:\bW(?:P:(?:N(?:aming conventions (books)|C(?:B(?:OOKS|K)?|-BK))|SUBTITLES?|BOOKDAB)|ikipedia:Naming conventions (books))\b)
Wikipedia:Naming conventions (broadcasting)	NA	(?:\bW(?:P:N(?:aming conventions (broadcasting)|C-?BC)|ikipedia:Naming conventions (broadcasting))\b)
Wikipedia:WikiProject Belgium/Brussels naming conventions	NA	(?:\bW(?:ikipedia|P):WikiProject Belgium/Brussels naming conventions\b)
Wikipedia:Naming conventions (Burmese)	NA	(?:\bW(?:P:(?:Naming conventions (Burmese)|BURMESE)|ikipedia:Naming conventions (Burmese))\b)
Wikipedia:Naming conventions (chemistry)	NA	(?:\bW(?:P:(?:N(?:aming conventions (chemistry)|CCHEM)|C(?:HEMNAME|AES)|MOSCHEM/NAME|ALUM|SULF)|ikipedia:Naming conventions (chemistry))\b)
Wikipedia:Naming conventions (Chinese)	NA	(?:\bW(?:P:(?:N(?:aming conventions (Chinese)|C-(?:CH(?:INA|N)|ZH))|(?:CHINES|ZHNAM)E)|ikipedia:Naming conventions (Chinese))\b)
Wikipedia:Naming conventions (clergy)	NA	(?:\bW(?:P:(?:N(?:aming conventions (clergy)|C(?:CL|WC))|BISHOP)|ikipedia:Naming conventions (clergy))\b)
Wikipedia:WikiProject College football/Naming conventions	NA	(?:\bW(?:ikipedia|P):WikiProject College football/Naming conventions\b)
Wikipedia:Naming conventions (comics)	NA	(?:\bW(?:P:N(?:aming conventions (comics)|CC(?:OMICS|/THE|DAB))|ikipedia:Naming conventions (comics))\b)
Wikipedia:Naming conventions (companies)	NA	(?:\bW(?:P:N(?:aming conventions (companies)|CCORP)|ikipedia:Naming conventions (companies))\b)
Wikipedia:Naming conventions (ethnicities and tribes)	NA	(?:\bW(?:P:(?:N(?:aming conventions (ethnicities and tribes)|CET(?:/A)?)|ETHNICGROUP|TRIBE)|ikipedia:Naming conventions (ethnicities and tribes))\b)
Wikipedia:Naming conventions (fauna)	NA	(?:\bW(?:P:(?:N(?:aming conventions (fauna)|CFAUNA)|(?:MONOTYPIC)?FAUNA)|ikipedia:Naming conventions (fauna))\b)
Wikipedia:Naming conventions (films)	NA	(?:\bW(?:P:(?:N(?:aming conventions (films)|CF(?:ILMS?)?)|PRIMARYFILM)|ikipedia:Naming conventions (films))\b)
Wikipedia:Naming conventions (flora)	NA	(?:\bW(?:P:(?:N(?:aming conventions (flora)|C(?:(cultivar)|FLORA))|(?:MONOTYPIC)?FLORA|CULTIVAR)|ikipedia:Naming conventions (flora))\b)
Wikipedia:Naming conventions (geographic names)	NA	(?:\bW(?:P:(?:N(?:C(?:P(?:LACE(?:DAB)?|HILIPPINE)|(?:FALKLA|I)ND|AUST|CS|GN)|aming conventions (geographic names)|BZ)|(?:S(?:COTLAND|RB)|U[KS]|VIET)PLACE|M(?:ODERNPLACENAME|PN)|PLACE(?:DAB)?|WIAN)|ikipedia:Naming conventions (geographic names))\b)
Wikipedia:Naming conventions (government and legislation)	NA	(?:\bW(?:P:N(?:aming conventions (government and legislation)|C(?:-(?:ELECT|GAL)|ELECT|GAL))|ikipedia:Naming conventions (government and legislation))\b)
Wikipedia:Naming conventions (Greek)	NA	(?:\bW(?:P:(?:N(?:aming conventions (Greek)|CGREEK)|GREEK)|ikipedia:Naming conventions (Greek))\b)
Wikipedia:Naming conventions (Hebrew)	NA	(?:\bW(?:P:(?:N(?:aming conventions (Hebrew)|CHE(?:BREW)?)|HE(?:BREW)?)|ikipedia:Naming conventions (Hebrew))\b)
Wikipedia:Naming conventions (ice hockey)	NA	(?:\bW(?:P:N(?:aming conventions (ice hockey)|CIH)|ikipedia:Naming conventions (ice hockey))\b)
Wikipedia:Naming conventions (Indic)	NA	(?:\bW(?:P:N(?:aming conventions (Indic)|CIN(?:DIC)?)|ikipedia:Naming conventions (Indic))\b)
Wikipedia:WikiProject Ireland/Ireland Category Norms	NA	(?:\bW(?:P:(?:WikiProject Ireland/Ireland Category Norms|IRE-CATS)|ikipedia:WikiProject Ireland/Ireland Category Norms)\b)
Wikipedia:Naming conventions (Korean)	NA	(?:\bW(?:P:N(?:C(?:-(?:SoJ|KO)|KO(?:REAN)?)|aming conventions (Korean))|ikipedia:Naming conventions (Korean))\b)
Wikipedia:Naming conventions (languages)	NA	(?:\bW(?:P:(?:N(?:aming conventions (languages)|CL(?:ANG)?)|DIALECT)|ikipedia:Naming conventions (languages))\b)
Wikipedia:Naming conventions (law enforcement agency categories)	NA	(?:\bW(?:P:(?:Naming conventions (law enforcement agency categories)|LEAC(?:AT)?)|ikipedia:Naming conventions (law enforcement agency categories))\b)
Wikipedia:Naming conventions (Latter Day Saints)	NA	(?:\bW(?:P:N(?:aming conventions (Latter Day Saints)|CLDS)|ikipedia:Naming conventions (Latter Day Saints))\b)
Wikipedia:Naming conventions (Macedonia)	NA	(?:\bW(?:P:(?:N(?:aming conventions (Macedonia)|CMAC)|MOSMAC3?)|ikipedia:Naming conventions (Macedonia))\b)
Wikipedia:Naming conventions (manuscripts)	NA	(?:\bW(?:P:N(?:aming conventions (manuscripts)|CMANU(?:SCRIPT)?)|ikipedia:Naming conventions (manuscripts))\b)
Wikipedia:WikiProject Mining/Style guide	NA	(?:\bW(?:P:(?:WikiProject Mining/Style guide|MINESTYLE)|ikipedia:WikiProject Mining/Style guide)\b)
Wikipedia:Naming conventions (Mongolian)	NA	(?:\bW(?:P:(?:N(?:aming conventions (Mongolian)|CMON)|(?:MO|RM)N)|ikipedia:Naming conventions (Mongolian))\b)
Wikipedia:Naming conventions (music)	NA	(?:\bW(?:P:(?:N(?:aming conventions (music)|CM(?:USIC|DAB)?)|(?:S(?:INGER|ONG)|COMPOSITION|ALBUM|EP)DAB|BAND(?:NAME|DAB)|MUSICSERIES|DABSONG)|ikipedia:Naming conventions (music))\b)
Wikipedia:Naming conventions (New Zealand)	NA	(?:\bW(?:P:N(?:aming conventions (New Zealand)|CNZ)|ikipedia:Naming conventions (New Zealand))\b)
Wikipedia:Naming conventions (Norse mythology)	NA	(?:\bW(?:P:N(?:aming conventions (Norse mythology)|CNM)|ikipedia:Naming conventions (Norse mythology))\b)
Wikipedia:Naming conventions (operas)	NA	(?:\bW(?:P:N(?:aming conventions (operas)|CO(?:PERA)?)|ikipedia:Naming conventions (operas))\b)
Wikipedia:Naming conventions (political parties)	NA	(?:\bW(?:P:N(?:aming conventions (political parties)|CP(?:ARTY|P))|ikipedia:Naming conventions (political parties))\b)
Wikipedia:Naming conventions (royalty and nobility)	NA	(?:\bW(?:P:(?:N(?:aming conventions (royalty and nobility)|C(?:(?:BRIT)?PEER|R(?:AN|OY)|N(?:OB|T)))|CO(?:GNOMEN|NSORTS)|SOVEREIGN|OBE)|ikipedia:Naming conventions (royalty and nobility))\b)
Wikipedia:Naming conventions (ships)	NA	(?:\bW(?:P:(?:N(?:aming conventions (ships)|C(?:S(?:HIP )?|-SHIPS?))|SH(?:IP(?:NAME|DAB)|E4SHIPS))|ikipedia:Naming conventions (ships))\b)
Wikipedia:Naming conventions (sports teams)	NA	(?:\bW(?:P:N(?:aming conventions (sports teams)|CST)|ikipedia:Naming conventions (sports teams))\b)
Wikipedia:Naming conventions (sportspeople)	NA	(?:\bW(?:P:N(?:aming conventions (sportspeople)|CSP)|ikipedia:Naming conventions (sportspeople))\b)
Wikipedia:Naming conventions (stations in Poland)	NA	(?:\bW(?:P:N(?:aming conventions (stations in Poland)|C-PLSTATIONS)|ikipedia:Naming conventions (stations in Poland))\b)
Wikipedia:WikiProject Swiss municipalities/Article title conventions	NA	(?:\bW(?:ikipedia|P):WikiProject Swiss municipalities/Article title conventions\b)
Wikipedia:Naming conventions (television)	NA	(?:\bW(?:P:(?:N(?:aming conventions (television)|C(?:TV(?:U[KS])?|[-:]TV))|TV(?:SEASON|-NC))|ikipedia:Naming conventions (television))\b)
Wikipedia:Naming conventions (Tibetan)	NA	(?:\bW(?:P:N(?:aming conventions (Tibetan)|C-TIBET)|ikipedia:Naming conventions (Tibetan))\b)
Wikipedia:Naming conventions (UK Parliament constituencies)	NA	(?:\bW(?:ikipedia|P):Naming conventions (UK Parliament constituencies)\b)
Wikipedia:Naming conventions (UK stations)	NA	(?:\bW(?:P:(?:N(?:aming conventions (UK stations)|CUKSTATIONS)|UKSTATION(?:DAB)?)|ikipedia:Naming conventions (UK stations))\b)
Wikipedia:Naming conventions (U.S. state and territory highways)	NA	(?:\bW(?:P:(?:Naming conventions (U.S. state and territory highways)|USSH)|ikipedia:Naming conventions (U.S. state and territory highways))\b)
Wikipedia:Naming conventions (video games)	NA	(?:\bW(?:P:N(?:aming conventions (video games)|C(?:GAMES(?:DAB)?|VG(?:DAB)?))|ikipedia:Naming conventions (video games))\b)
Wikipedia:Naming conventions (West Bank)	NA	(?:\bW(?:P:(?:N(?:aming conventions (West Bank)|CWB)|WESTBANK|J&S)|ikipedia:Naming conventions (West Bank))\b)
Wikipedia:Naming conventions (writing systems)	NA	(?:\bW(?:P:N(?:aming conventions (writing systems)|C(?:(WS)|WS))|ikipedia:Naming conventions (writing systems))\b)
Wikipedia:Notability	NA	(?:\bW(?:P:(?:N(?:O(?:T(?:E(?:WORTHY|SAL)?|TEMPORARY)|PAGE)|otability|LISTITEM|POSSIBLE|EXIST|RVE?|TEMP|NC?)?|(?:(?:CON|LIS|AR)T|FAIL|WHY)N|S(?:USTAINED|IGCOV|PIP)|PAGEDECIDE|15MOF|GNG)|ikipedia:Notability)\b)
Wikipedia:Notability (academics)	NA	(?:\bW(?:P:(?:N(?:otability (academics)|ACADEMIC|PROF)|ACADEMIC|TEACHER |SCHOLAR|PROF)|ikipedia:Notability (academics))\b)
Wikipedia:Notability (astronomical objects)	NA	(?:\bW(?:P:(?:N(?:otability (astronomical objects)|AST(?:CRIT|HELP|RO))|AST2000|DWMP)|ikipedia:Notability (astronomical objects))\b)
Wikipedia:Notability (books)	NA	(?:\bW(?:P:(?:B(?:K(?:CR(?:YSTAL|IT)|MERGE|ST|TS|D)?|OOK(?:STORE|CRIT))|N(?:otability (books)|B(?:OOK)?)|T(?:(?:EXTBOO|XTB)KS|BK)|O(?:LDBOO|B)K)|ikipedia:Notability (books))\b)
Wikipedia:Notability (events)	NA	(?:\bW(?:P:(?:N(?:E(?:WSEVENT|VENTS )|otability (events)|CRIME|NEWS|(E)|/CA)|(?:(?:CONTINUED)?COVERAG|PERSISTENC|GEOSCOP)E|D(?:E(?:LAY|PTH)|OGBITESMAN|IVERSE)|E(?:VENT(?:CRIT(?:ERIA)?)?|FFECT)|(?:BREAK|LAST)ING|R(?:OUTINE|APID)|ANTICIPATION|SENSATIONAL|INDEPTH)|ikipedia:Notability (events))\b)
Wikipedia:Notability (films)	NA	(?:\bW(?:P:(?:N(?:F(?:[FP]|SOURCES|ILM|OE?)?|otability (films)|OTFILM)|FILMNOT|MOVIE )|ikipedia:Notability (films))\b)
Wikipedia:Notability (geographic features)	NA	(?:\bW(?:P:(?:N(?:otability (geographic features)|GEO(?:G(?:RAPHY)?)?|BUILD(?:ING)?|FEAT)|GEO(?:(?:LAN|ROA)D|FEAT|PURP))|ikipedia:Notability (geographic features))\b)
Wikipedia:Notability (media)	NA	(?:\bW(?:P:(?:N(?:otability (media)|ME(?:DIA)?|TV)|TVS(?:ERIES|HOW)|B(?:ROAD)?CAST|STUDENTMEDIA|RPRGM)|ikipedia:Notability (media))\b)
Wikipedia:Notability (music)	NA	(?:\bW(?:P:(?:N(?:otability (music)|S(?:INGLE|ONG)|M(?:USIC|G)?|ALBUMS?|CONCERT|TOUR)|S(?:INGER|UBNOT)|FUTUREALBUMS?|COMPOSER|MUSICBIO|BAND)|ikipedia:Notability (music))\b)
Wikipedia:Notability (numbers)	NA	(?:\bW(?:P:(?:N(?:otability (numbers)|UMBER)|WINI)|ikipedia:Notability (numbers))\b)
Wikipedia:Notability (organizations and companies)	NA	(?:\bW(?:P:(?:N(?:otability (organizations and companies)|(?:ONPROFI|PRODUC)T|C(?:HURCH|ORP)|H?SCHOOL|GO)|C(?:O(?:RP(?:DEPTH)?|MPANY )|HAIN|LUB)|ORG(?:CRITE?|DEPTH|IND?|SIG)?|I(?:NHERITORG|LLCON)|FAIL(?:CORP|ORG)|PRODUCT(?:REV)?|A(?:DPROMO|UD)|MULTSOURCES|BRANCH|LISTED|GROUP)|ikipedia:Notability (organizations and companies))\b)
Wikipedia:Notability (people)	NA	(?:\bW(?:P:(?:B(?:LP(?:RELATED|FAMILY|NOTE )|IO(?:RELATED|FAMILY|1E)?|ASIC)|P(?:E(?:R(?:P(?:ETRATOR)?|SON)|OPLE)|O(?:LITICIAN|ET))|N(?:otability (people)|(?:MODE|PO)L|ACTOR|BIO)|A(?:R(?:CHITEC|TIS)T|NYBIO|UTHOR)|E(?:NT(?:ERTAINER)?|CONOMIST)|S(?:PORTSPERSON|INGLEEVENT)|CR(?:IM(?:INAL|E)?|EATIVE)|(?:FILMMAKE|DIRECTO)R|(?:INVALID|LIST)BIO|J(?:OURNALIST|UDGE)|ONEEVENT|VICTIM|1E)|ikipedia:Notability (people))\b)
Wikipedia:Notability (sports)	NA	(?:\bW(?:P:(?:N(?:C(?:RIC(?:K(?:ET)?)?|URL(?:ING)?|YC(?:LING)?|OLLATH)|B(?:A(?:S(?:KETBALL|E)|D(?:MINTON)?)|OX(?:ING)?)|S(?:PORT(?:S(?:EVENT)?)?|EASONS|OCCER|KATE|UMO)|G(?:YMNAST(?:ICS)?|RIDIRON|AELIC|OLF)|H(?:O(?:RSERACING|CKEY|OPS)|SPHSATH)|T(?:R(?:IATHLON|ACK)|E(?:NNIS|AM))|R(?:IVALRY|ODEO|U)|otability (sports)|M(?:OTORSPORT|MA)|FOOT(?:BALL|Y)|OLY(?:MPICS)?|A(?:FL|TH)|EQUESTRIAN|KICK)|(?:(?:BASE(?:BALL)?|CYC(?:LING)?|FIGURE|TENNIS|WPBB)/|RL/?)N|S(?:PORT(?:(?:SEVEN|CRI)T|BASIC)|KATER)|ATH(?:LETE)?|YOUNGATH)|ikipedia:Notability (sports))\b)
Wikipedia:Notability (video games)	NA	(?:\bW(?:P:N(?:otability (video games)|V(?:IDEOGAMES|G))|ikipedia:Notability (video games))\b)
Wikipedia:Notability (web)	NA	(?:\bW(?:P:(?:WEB(?:(?:PAG|SIT)E|NOTE |CRIT)?|N(?:otability (web)|WEB)|INHER(?:EN|I)TWEB)|ikipedia:Notability (web))\b)
Wikipedia:Manual of Style	NA	(?:\bW(?:P:M(?:anual of Style|OS)|ikipedia:Manual of Style)\b)
Wikipedia:Manual of Style/Dates and numbers	NA	(?:\bW(?:P:(?:M(?:anual of Style/Dates and numbers|OS(?:CONVERSIONS|NUM)|E(?:ASUREMENT|TRIC)|ILFORMAT)|CO(?:M(?:MONMATH|PUNITS)|ORDINATES)|UNIT(?:(?:(?:SYMBOL)?|NAME)S)?|D(?:ECIMAL|IGITS)|PERCENT|€|£|$|%)|ikipedia:Manual of Style/Dates and numbers)\b)
Wikipedia:Manual of Style/Layout	NA	(?:\bW(?:P:(?:M(?:anual of Style/Layout|OSLAYOUT)|O(?:VERSECTION|RDER))|ikipedia:Manual of Style/Layout)\b)
Wikipedia:Manual of Style/Lead section	NA	(?:\bW(?:P:M(?:anual of Style/Lead section|OSLEAD)|ikipedia:Manual of Style/Lead section)\b)
Wikipedia:Manual of Style/Linking	NA	(?:\bW(?:P:(?:M(?:anual of Style/Linking|OSLINK)|(?:DATE|TEST|YEAR)LINK)|ikipedia:Manual of Style/Linking)\b)
Wikipedia:Manual of Style/Words to watch	NA	(?:\bW(?:P:(?:M(?:anual of Style/Words to watch|OSWTW)|E(?:DITORIAL(?:IZING)?|UPHEMISM)|S(?:A(?:ID|Y)|URVIVEDBY)|P(?:EA(?:COCK)?|UFFERY)|W(?:HATPLACE|EASEL)|R(?:ELTIME|ACIST)|CL(?:ICHE|AIM)|FLOWERY|VULGAR|IDIOM|LABEL|OPED|AWW)|ikipedia:Manual of Style/Words to watch)\b)
Wikipedia:Manual of Style/Accessibility	NA	(?:\bW(?:P:(?:Manual of Style/Accessibility|ACCESSIBILITY|RESOL)|ikipedia:Manual of Style/Accessibility)\b)
Wikipedia:Manual of Style/Abbreviations	NA	(?:\bW(?:P:(?:M(?:anual of Style/Abbreviations|OSABBR)|ACRONYMTITLE|NCA(?:CRO)?)|ikipedia:Manual of Style/Abbreviations)\b)
Wikipedia:Manual of Style/Capital letters	NA	(?:\bW(?:P:(?:M(?:anual of Style/Capital letters|OSC(?:APS|PT) )|PROPERNAME|EXPABBR)|ikipedia:Manual of Style/Capital letters)\b)
Wikipedia:Manual of Style/Pronunciation	NA	(?:\bW(?:P:M(?:anual of Style/Pronunciation|OSPRON)|ikipedia:Manual of Style/Pronunciation)\b)
Wikipedia:Manual of Style/Capital letters	NA	(?:\bW(?:P:(?:M(?:anual of Style/Capital letters|OSC(?:APS|PT) )|PROPERNAME|EXPABBR)|ikipedia:Manual of Style/Capital letters)\b)
Wikipedia:Manual of Style/Spelling	NA	(?:\bW(?:P:(?:M(?:anual of Style/Spelling|OSS)|SPELLING|ISE)|ikipedia:Manual of Style/Spelling)\b)
Wikipedia:Manual of Style/Text formatting	NA	(?:\bW(?:P:M(?:anual of Style/Text formatting|OSTEXT)|ikipedia:Manual of Style/Text formatting)\b)
Wikipedia:Manual of Style/Titles	NA	(?:\bW(?:P:M(?:anual of Style/Titles|OST(?:ITLE)?)|ikipedia:Manual of Style/Titles)\b)
Wikipedia:Manual of Style/Tables	NA	(?:\bW(?:P:(?:Manual of Style/Tables|WHENTABLE|HEADERS)|ikipedia:Manual of Style/Tables)\b)
Wikipedia:Manual of Style/Trivia sections	NA	(?:\bW(?:P:(?:M(?:anual of Style/Trivia sections|ISC(?:ELLAN(?:EA|Y))?)|TRIV(?:IA)?)|ikipedia:Manual of Style/Trivia sections)\b)
Wikipedia:Manual of Style/Images	NA	(?:\bW(?:P:(?:Manual of Style/Images|FIDUCIAL)|ikipedia:Manual of Style/Images)\b)
Wikipedia:Manual of Style/Captions	NA	(?:\bW(?:P:(?:CAP(?:CONTEXT|LENGTH|FRAG|TION|WORD)?|M(?:anual of Style/Captions|APOF))|ikipedia:Manual of Style/Captions)\b)
Wikipedia:Manual of Style/Icons	NA	(?:\bW(?:P:(?:M(?:OS(?:FLAG|ICON|LOGO)|anual of Style/Icons)|I(?:C(?:ONDECORATI)?ON|NFOBOXFLAG)|FLAG(?:PLACEHOLDER|CRUFT|BIO)|(?:APPROPRIATE|NO)ICONS|S(?:OVEREIGN|PORT)FLAG|WORDPRECEDENCE|TOOMANY)|ikipedia:Manual of Style/Icons)\b)
Wikipedia:Manual of Style/Lists	NA	(?:\bW(?:P:(?:(?:(?:(?:SOURC|DAT)E|FLAT|PURP|UB)LIS|BULLE(?:TLIS)?)T|L(?:EADFORALIST|ISTPURP)|Manual of Style/Lists|CHRONO)|ikipedia:Manual of Style/Lists)\b)
Wikipedia:Manual of Style/Lists	NA	(?:\bW(?:P:(?:(?:(?:(?:SOURC|DAT)E|FLAT|PURP|UB)LIS|BULLE(?:TLIS)?)T|L(?:EADFORALIST|ISTPURP)|Manual of Style/Lists|CHRONO)|ikipedia:Manual of Style/Lists)\b)
Wikipedia:Manual of Style/Lists of works	NA	(?:\bW(?:P:(?:M(?:anual of Style/Lists of works|OS-BIBLIO)|BIBLIOGRAPH(?:IES|Y)|WORKS|LOW)|ikipedia:Manual of Style/Lists of works)\b)
Wikipedia:Manual of Style/Road junction lists	NA	(?:\bW(?:P:(?:Manual of Style/Road junction lists|RJL)|ikipedia:Manual of Style/Road junction lists)\b)
Wikipedia:Stand-alone lists	NA	(?:\bW(?:P:(?:L(?:IST(?:C(?:RITERIA|OMPANY)|(?:GLOSSAR|VERIF)Y|(?:PEOPL|NAM)E|S?OFLISTS)|SC)|S(?:AL(?:ORDER|LEAD|AT)?|tand-alone lists|TAND(?:ALONE)?)|NC(?:LIST|SAL)|EXEMPT1E|CSC)|ikipedia:Stand-alone lists)\b)
Wikipedia:Manual of Style/Biography	NA	(?:\bW(?:P:M(?:anual of Style/Biography|OSBIO)|ikipedia:Manual of Style/Biography)\b)
Wikipedia:Manual of Style/Article message boxes	NA	(?:\bW(?:ikipedia|P):Manual of Style/Article message boxes\b)
Wikipedia:Manual of Style/Disambiguation pages	NA	(?:\bW(?:P:M(?:anual of Style/Disambiguation pages|OSDAB)|ikipedia:Manual of Style/Disambiguation pages)\b)
Wikipedia:Manual of Style/Infoboxes	NA	(?:\bW(?:P:(?:I(?:NFOBOX(?:ETH(?:NICITY)?|(?:IMAG|CIT)E|GEO|REF)|BI)|Manual of Style/Infoboxes)|ikipedia:Manual of Style/Infoboxes)\b)
Wikipedia:Manual of Style/Self-references to avoid	NA	(?:\bW(?:P:(?:Manual of Style/Self-references to avoid|S(?:UBJECT|ELF|RTA)|CLICKHERE|ITSELF|WAWI)|ikipedia:Manual of Style/Self-references to avoid)\b)
Wikipedia:Manual of Style/Anime- and manga-related articles	NA	(?:\bW(?:P:M(?:anual of Style/Anime- and manga-related articles|OS-AM)|ikipedia:Manual of Style/Anime- and manga-related articles)\b)
Wikipedia:Manual of Style/Comics	NA	(?:\bW(?:P:(?:C(?:MOS(?:#(?:S(?:TRUCTURE(?:-(?:(?:FICTIONALOBJ|SECTIONTITLE|CHARACTER|TEAM)S|PUBLICATION))?|PECIFIC|OURCES)|L(?:S(?:(?:PLI|OR)T|ECTION)|ISTS|NAME|F)|(?:C(?:IT(?:ESTYL)?|ATNAM|O)|BOXIMAG)E|P(?:RECISE|LOT|OP)|I(?:NFOBOX|SH)|N(?:ESTED|AME)|T(?:ITLES|EAM)))?|OMICS?PLOT)|Manual of Style/Comics|OHOTMU)|ikipedia:Manual of Style/Comics)\b)
Wikipedia:Manual of Style/Film	NA	(?:\bW(?:P:(?:FILM(?:(?:(?:C(?:RITICLI|A)|HI)S|PLO)T|M(?:ARKETING|USIC)|(?:RATIN|FLA)G|LE(?:AD|DE)|SC(?:ORE|I)|DIFF|YEAR|NFI)|(?:(?:(?:DEUTER|ANT)AGON|CASTL)IS|P(?:ROTAGONIS|LOTBLOA))T|M(?:O(?:VIEPLOTS|SFILM)|anual of Style/Film)|T(?:R(?:ITAGONIST|AILER)|AGLINE)|YEARSINFILM)|ikipedia:Manual of Style/Film)\b)
Wikipedia:Lyrics and poetry	NA	(?:\bW(?:P:L(?:yrics and poetry|YRICS)|ikipedia:Lyrics and poetry)\b)
Wikipedia:Manual of Style/Novels	NA	(?:\bW(?:P:(?:M(?:anual of Style/Novels|OS-NOVELS)|NOV(?:ELPLOT|STY))|ikipedia:Manual of Style/Novels)\b)
Wikipedia:Manual of Style/Philosophy	NA	(?:\bW(?:P:(?:Manual of Style/Philosophy|PHILMOS)|ikipedia:Manual of Style/Philosophy)\b)
Wikipedia:Manual of Style/Television	NA	(?:\bW(?:P:M(?:anual of Style/Television|OSTV)|ikipedia:Manual of Style/Television)\b)
Wikipedia:Manual of Style/Visual arts	NA	(?:\bW(?:P:(?:Manual of Style/Visual arts|VAMOS)|ikipedia:Manual of Style/Visual arts)\b)
Wikipedia:Manual of Style/Writing about fiction	NA	(?:\bW(?:P:(?:Manual of Style/Writing about fiction|BOOKPLOT|UNIVERSE)|ikipedia:Manual of Style/Writing about fiction)\b)
Wikipedia:Manual of Style/Music	NA	(?:\bW(?:P:M(?:OS(?:MUSIC(?:CAPS)?|SOPHOMORE|LYRICS)|anual of Style/Music|USORG)|ikipedia:Manual of Style/Music)\b)
Wikipedia:Manual of Style/Music samples	NA	(?:\bW(?:P:(?:Manual of Style/Music samples|SAMPLE)|ikipedia:Manual of Style/Music samples)\b)
Wikipedia:Manual of Style/Record charts	NA	(?:\bW(?:P:M(?:anual of Style/Record charts|USIC/(?:CHARTS|TABLE))|ikipedia:Manual of Style/Record charts)\b)
Wikipedia:Manual of Style/Stringed instrument tunings	NA	(?:\bW(?:P:M(?:anual of Style/Stringed instrument tunings|OSTUNINGS)|ikipedia:Manual of Style/Stringed instrument tunings)\b)
Wikipedia:Manual of Style/Legal	NA	(?:\bW(?:P:(?:Manual of Style/Legal|L(?:EGAL|AW)MOS)|ikipedia:Manual of Style/Legal)\b)
Wikipedia:Manual of Style/Trademarks	NA	(?:\bW(?:P:M(?:anual of Style/Trademarks|OSTM)|ikipedia:Manual of Style/Trademarks)\b)
Wikipedia:Manual of Style/Canada-related articles	NA	(?:\bW(?:P:(?:M(?:anual of Style/Canada-related articles|OSCAN)|CAN(?:P(?:O[LP]|LACE|RIVY)|FRENCH|STYLE|CAN)|THEYUKON)|ikipedia:Manual of Style/Canada-related articles)\b)
Wikipedia:Manual of Style/China and Chinese-related articles	NA	(?:\bW(?:P:(?:Manual of Style/China and Chinese-related articles|N(?:OCHINESEITALICS|C-CN)|CHINESECHARACTERS|PINYIN)|ikipedia:Manual of Style/China and Chinese-related articles)\b)
Wikipedia:Manual of Style/France and French-related articles	NA	(?:\bW(?:P:(?:M(?:anual of Style/France and French-related articles|OSFR)|FRENCHNAMES)|ikipedia:Manual of Style/France and French-related articles)\b)
Wikipedia:Manual of Style/Hawaii-related articles	NA	(?:\bW(?:P:M(?:anual of Style/Hawaii-related articles|OSHAWAII)|ikipedia:Manual of Style/Hawaii-related articles)\b)
Wikipedia:Manual of Style/India-related articles	NA	(?:\bW(?:P:(?:M(?:anual of Style/India-related articles|OSI[NS])|INDICSCRIPTS?|NOINDICSCRIPT)|ikipedia:Manual of Style/India-related articles)\b)
Wikipedia:Manual of Style/Ireland-related articles	NA	(?:\bW(?:P:(?:I(?:R(?:ISH FLAGS|E-IRL)|MO(?:S FLAG)?S)|Manual of Style/Ireland-related articles|(?:L(?:ONDON)?)?DERRY)|ikipedia:Manual of Style/Ireland-related articles)\b)
Wikipedia:Manual of Style/Japan-related articles	NA	(?:\bW(?:P:(?:M(?:anual of Style/Japan-related articles|OS-JA|J)|J(?:A?TITL|PPLAC)E|ROMAJI)|ikipedia:Manual of Style/Japan-related articles)\b)
Wikipedia:Manual of Style/Korea-related articles	NA	(?:\bW(?:P:M(?:anual of Style/Korea-related articles|OS(?:KOREA|-KO))|ikipedia:Manual of Style/Korea-related articles)\b)
Wikipedia:Manual of Style/Philippine-related articles	NA	(?:\bW(?:P:M(?:anual of Style/Philippine-related articles|OSPHIL)|ikipedia:Manual of Style/Philippine-related articles)\b)
Wikipedia:Manual of Style/Poland-related articles	NA	(?:\bW(?:P:M(?:anual of Style/Poland-related articles|OSPOL)|ikipedia:Manual of Style/Poland-related articles)\b)
Wikipedia:Manual of Style/Singapore-related articles	NA	(?:\bW(?:P:M(?:anual of Style/Singapore-related articles|OS(?:DATESGP|SG))|ikipedia:Manual of Style/Singapore-related articles)\b)
Wikipedia:Trinidad and Tobago Wikipedians' notice board/Style guide	NA	(?:\bW(?:P:T(?:rinidad and Tobago Wikipedians|TS(?:TYLE|G))|ikipedia:Trinidad and Tobago Wikipedians)\b)
Wikipedia:Manual of Style/Islam-related articles	NA	(?:\bW(?:P:M(?:anual of Style/Islam-related articles|OSISLAM)|ikipedia:Manual of Style/Islam-related articles)\b)
Wikipedia:Manual of Style/Latter Day Saints	NA	(?:\bW(?:P:(?:M(?:anual of Style/Latter Day Saints|ORMON)|LDS(?:JARGON|MOS))|ikipedia:Manual of Style/Latter Day Saints)\b)
Wikipedia:WikiProject Computer science/Manual of style	NA	(?:\bW(?:ikipedia|P):WikiProject Computer science/Manual of style\b)
Wikipedia:Manual of Style/Computing	NA	(?:\bW(?:P:(?:M(?:anual of Style/Computing|OSCOMM)|COMPNOW)|ikipedia:Manual of Style/Computing)\b)
Wikipedia:Manual of Style/Chemistry	NA	(?:\bW(?:P:(?:M(?:anual of Style/Chemistry|OSCHEM)|CHEMMOS|NCHEM)|ikipedia:Manual of Style/Chemistry)\b)
Wikipedia:Manual of Style/Mathematics	NA	(?:\bW(?:P:(?:M(?:anual of Style/Mathematics|SM)|⋅)|ikipedia:Manual of Style/Mathematics)\b)
Wikipedia:Manual of Style/Medicine-related articles	NA	(?:\bW(?:P:(?:M(?:ED(?:(?:SECTION|MO)S|C(?:ASE|OPY)|LE(?:AD|DE)|TRIVIA|ORDER|PRICE|REF)|anual of Style/Medicine-related articles|OSMED)|(?:CITE|NC)MED)|ikipedia:Manual of Style/Medicine-related articles)\b)
Template:Taxobox/doc	NA	(?:\bWP:T(?:AXO(?:BOX)?|X)\b)
Wikipedia:Manual of Style/Cue sports	NA	(?:\bW(?:P:(?:M(?:anual of Style/Cue sports|OSCUE)|CUEMOS)|ikipedia:Manual of Style/Cue sports)\b)
Wikipedia:Manual of Style/Snooker	NA	(?:\bW(?:P:(?:M(?:anual of Style/Snooker|OSSNOOKER)|SNOOKER/(?:MOS|NF)|LIVESCORES)|ikipedia:Manual of Style/Snooker)\b)
Wikipedia:Scientific citation guidelines	NA	(?:\bW(?:P:S(?:cientific citation guidelines|C(?:ICITE|G))|ikipedia:Scientific citation guidelines)\b)
Wikipedia:Artist's impressions of astronomical objects	NA	(?:\bW(?:P:(?:A(?:STROART|rtist)|EXOART)|ikipedia:Artist)\b)
Wikipedia:In the news/Recurring items	NA	(?:\bW(?:P:I(?:n the news/Recurring items|TN(?:(?:AWARD|SPORT)S|R))|ikipedia:In the news/Recurring items)\b)
Wikipedia:Identifying reliable sources (medicine)	NA	(?:\bW(?:P:(?:M(?:ED(?:A(?:NIMAL|SSESS)|S(?:EARCH|CI)|B(?:IAS|OOK)|D(?:ATE|EF)|P(?:OP|RI)|R(?:EV|S)|INDY|COI|ORG)|BIAS)|Identifying reliable sources (medicine)|(?:(?:DONTSHOUT|FUTON)BIA|HEALTHR)S|NO(?:TONLYFREE|ABSTRACT)|RSMED)|ikipedia:Identifying reliable sources (medicine))\b)
Wikipedia:Indic transliteration	NA	(?:\bW(?:ikipedia|P):Indic transliteration\b)
Wikipedia:Non-free use rationale guideline	NA	(?:\bW(?:P:(?:N(?:on-free use rationale guideline|FURG)|FU(?:RG?|G )|RAT)|ikipedia:Non-free use rationale guideline)\b)
Wikipedia:Public domain	NA	(?:\bW(?:P:(?:C(?:rown(?: copy(?:right)?|copy)|OPYEXP)|P(?:ublic domain|D))|ikipedia:Public domain)\b)
Wikipedia:WikiProject Economics/Reliable sources and weight	NA	(?:\bW(?:P:(?:WikiProject Economics/Reliable sources and weight|ECON(?:/RS|RSW))|ikipedia:WikiProject Economics/Reliable sources and weight)\b)
Wikipedia:Shortcut	NA	(?:\bW(?:P:(?:S(?:C(?:JARGON|NAMES)?|hortcut|HORT)|LINKBOXES|CHANGESC)|ikipedia:Shortcut)\b)
Wikipedia:Project namespace	NA	(?:\bW(?:P:(?:P(?:R(?:J(?:C(?:RE)?|DEL|SD)?|O(?:CE)?PAGES)|roject namespace|(?:OLICYP)?AGES)|(?:H(?:OWTO|IS)|ESSAY|MAINT|INFO|DIS)PAGES|SUPPLEMENTAL|NS4)|ikipedia:Project namespace)\b)
Wikipedia:Reference desk/Guidelines/Medical advice	NA	(?:\bW(?:P:R(?:eference desk/Guidelines/Medical advice|D/G/M)|ikipedia:Reference desk/Guidelines/Medical advice)\b)
Wikipedia:Talk page templates	NA	(?:\bW(?:ikipedia|P):Talk page templates\b)
Wikipedia:Userboxes	NA	(?:\bW(?:P:(?:U(?:SERBOX(?:C(?:REATE|AT))?|B(?:X(?:CREATE|NS)?|CR)|serboxes)|CREATEU(?:SERBO|B)X)|ikipedia:Userboxes)\b)
Wikipedia:Template namespace	NA	(?:\bW(?:P:(?:T(?:emplate namespace|(?:MP)?G|PN)|NS10)|ikipedia:Template namespace)\b)
Wikipedia:Miscellany for deletion/Speedy redirect	NA	(?:\bW(?:P:(?:M(?:iscellany for deletion/Speedy redirect|FD/SRE?)|SRE)|ikipedia:Miscellany for deletion/Speedy redirect)\b)
Wikipedia:As of	NA	(?:\bW(?:P:(?:A(?:s of|SOF|O)|PRECISELANG)|ikipedia:As of)\b)
Wikipedia:Extended image syntax	NA	(?:\bW(?:P:(?:E(?:xtended image syntax|IS)|PICSIZE)|ikipedia:Extended image syntax)\b)
Wikipedia:Disambiguation/PrimaryTopicDefinition	NA	(?:\bW(?:ikipedia|P):Disambiguation/PrimaryTopicDefinition\b)
Wikipedia:Overcategorization/User categories	NA	(?:\bW(?:P:(?:O(?:vercategorization/User categories|C/U)|USERCAT(?:YES|NO))|ikipedia:Overcategorization/User categories)\b)
Wikipedia:Spellchecking	NA	(?:\bW(?:P:S(?:PELL(?:CHECK)?|pellchecking)|ikipedia:Spellchecking)\b)
Wikipedia:TemplateStyles	NA	(?:\bW(?:ikipedia|P):TemplateStyles\b)
Wikipedia:Template namespace	NA	(?:\bW(?:P:(?:T(?:emplate namespace|(?:MP)?G|PN)|NS10)|ikipedia:Template namespace)\b)
Wikipedia:Wikimedia sister projects	NA	(?:\bW(?:P:(?:S(?:IS(?:TER|P)?|OFTSISP)|Wikimedia sister projects|MOSSIS)|ikipedia:Wikimedia sister projects)\b)
Wikipedia:WikiProject Council/Guide	NA	(?:\bW(?:P:(?:PROJ(?:GUIDE(?:#OWN)?|(?:SCOP|PAG)E)|WikiProject Council/Guide|(?:ADVICEPAG|REVIV)E|INACTIVEWP|COUNCIL/G|SCOPEWAR)|ikipedia:WikiProject Council/Guide)\b)
Wikipedia:Manual of Style/Hidden text	NA	(?:\bW(?:P:(?:Manual of Style/Hidden text|INVISIBLE|HIDDEN)|ikipedia:Manual of Style/Hidden text)\b)
Wikipedia:Manual of Style/Military history	NA	(?:\bW(?:P:(?:M(?:IL(?:MOS(?:#(?:C(?:O(?:DE(?:STYL|NAM)E|NFLICTS)|A(?:MPAIGNS|TNAME)|IT(?:ESTYL)?E)|B(?:A(?:TTLES(?:IN)?|SENAME)|PROJ)|N(?:A(?:V(?:PROBLEMS)?|ME)|ESTED)|S(?:PECIFIC|ECTLEN|OURCES)|(?:OPCAT|FLAG|TANK|WAR)S|IN(?:TERSECTION|FOBOX)|(?:DATERANG|PRECIS)E|UNIT(?:NAME|S)|APP))?|(?:(?:CI|DA)T|NAM)E|S(?:OURCE|G)|APP)|anual of Style/Military history)|SHIPPRONOUNS|CAMPAIGN)|ikipedia:Manual of Style/Military history)\b)
Wikipedia:Manual of Style/Indonesia-related articles	NA	(?:\bW(?:P:(?:Manual of Style/Indonesia-related articles|ID-(?:N(?:AME|C)|SPELLING))|ikipedia:Manual of Style/Indonesia-related articles)\b)
Wikipedia:Manual of Style/Pakistan-related articles	NA	(?:\bW(?:P:(?:M(?:anual of Style/Pakistan-related articles|OSPA?K)|URDUSCRIPT|NASTALIQ)|ikipedia:Manual of Style/Pakistan-related articles)\b)
Wikipedia:Manual of Style/Blazon	NA	(?:\bW(?:P:(?:Manual of Style/Blazon|BL(?:AZON|Z))|ikipedia:Manual of Style/Blazon)\b)
Wikipedia:Edit filter	NA	(?:\bW(?:P:(?:E(?:F(?:M(?:AILING)?)?|dit filter)|(?:PRIVATE)?FILTER|AF)|ikipedia:Edit filter)\b)
Wikipedia:Naming conventions (US stations)	NA	(?:\bW(?:P:(?:Naming conventions (US stations)|USSTATION)|ikipedia:Naming conventions (US stations))\b)
Wikipedia:Naming conventions (Irish stations)	NA	(?:\bW(?:P:(?:Naming conventions (Irish stations)|IRLSTATION)|ikipedia:Naming conventions (Irish stations))\b)
Wikipedia:Naming conventions (Canadian stations)	NA	(?:\bW(?:P:(?:Naming conventions (Canadian stations)|CANSTATION)|ikipedia:Naming conventions (Canadian stations))\b)
Wikipedia:Naming conventions (places in Bangladesh)	NA	(?:\bW(?:P:(?:Naming conventions (places in Bangladesh)|BDPLACE)|ikipedia:Naming conventions (places in Bangladesh))\b)
Wikipedia:Naming conventions (Football in Australia)	NA	(?:\bW(?:P:(?:N(?:aming conventions (Football in Australia)|CFI?A)|MOSFIA)|ikipedia:Naming conventions (Football in Australia))\b)
Wikipedia:Five Pillars	NA	(?:\b(?:W(?:P:(?:Five Pillars|PILLARS|5P)|ikipedia:Five Pillars)|w.wiki/5)\b)
