0	https://de.wikipedia.org/wiki/Wikipedia:Richtlinien	Wikipedia:Richtlinien
1	https://de.wikipedia.org/wiki/Wikipedia:Grundprinzipien	Wikipedia:Grundprinzipien
2	https://de.wikipedia.org/wiki/Wikipedia:Was_Wikipedia_nicht_ist	Wikipedia:Was Wikipedia nicht ist
3	https://de.wikipedia.org/wiki/Wikipedia:Wikipedia_ist_kein_W%C3%B6rterbuch	Wikipedia:Wikipedia ist kein Wörterbuch
4	https://de.wikipedia.org/wiki/Wikipedia:Keine_Theoriefindung	Wikipedia:Keine Theoriefindung
5	https://de.wikipedia.org/wiki/Wikipedia:Interessenkonflikt	Wikipedia:Interessenkonflikt
6	https://de.wikipedia.org/wiki/Wikipedia:Neuigkeiten	Wikipedia:Neuigkeiten
7	https://de.wikipedia.org/wiki/Wikipedia:Neutraler_Standpunkt	Wikipedia:Neutraler Standpunkt
8	https://de.wikipedia.org/wiki/Wikipedia:Urheberrechte_beachten	Wikipedia:Urheberrechte beachten
9	https://de.wikipedia.org/wiki/Wikipedia:Wikiquette	Wikipedia:Wikiquette
10	https://de.wikipedia.org/wiki/Wikipedia:Keine_pers%C3%B6nlichen_Angriffe	Wikipedia:Keine persönlichen Angriffe
11	https://de.wikipedia.org/wiki/Wikipedia:Geh_von_guten_Absichten_aus	Wikipedia:Geh von guten Absichten aus
12	https://de.wikipedia.org/wiki/Wikipedia:Bewahre_immer_einen_k%C3%BChlen_Kopf	Wikipedia:Bewahre immer einen kühlen Kopf
13	https://de.wikipedia.org/wiki/Wikipedia:Artikel	Wikipedia:Artikel
14	https://de.wikipedia.org/wiki/Wikipedia:Relevanzkriterien	Wikipedia:Relevanzkriterien
15	https://de.wikipedia.org/wiki/Wikipedia:Was_ist_relevant_f%C3%BCr_aktuelle_Ereignisse%3F	Wikipedia:Was ist relevant für aktuelle Ereignisse?
16	https://de.wikipedia.org/wiki/Wikipedia:Wie_schreibe_ich_gute_Artikel	Wikipedia:Wie schreibe ich gute Artikel
17	https://de.wikipedia.org/wiki/Wikipedia:Allgemeinverst%C3%A4ndlichkeit	Wikipedia:Allgemeinverständlichkeit
18	https://de.wikipedia.org/wiki/Wikipedia:Belege	Wikipedia:Belege
19	https://de.wikipedia.org/wiki/Wikipedia:Belege/Recht	Wikipedia:Belege/Recht
20	https://de.wikipedia.org/wiki/Wikipedia:Literatur	Wikipedia:Literatur
21	https://de.wikipedia.org/wiki/Wikipedia:Artikel_illustrieren	Wikipedia:Artikel illustrieren
22	https://de.wikipedia.org/wiki/Wikipedia:Rechtschreibung	Wikipedia:Rechtschreibung
23	https://de.wikipedia.org/wiki/Wikipedia:Diskussionsseiten	Wikipedia:Diskussionsseiten
24	https://de.wikipedia.org/wiki/Wikipedia:Eigentum_an_Artikeln	Wikipedia:Eigentum an Artikeln
25	https://de.wikipedia.org/wiki/Wikipedia:Systematik	Wikipedia:Systematik
26	https://de.wikipedia.org/wiki/Wikipedia:Namenskonventionen	Wikipedia:Namenskonventionen
27	https://de.wikipedia.org/wiki/Wikipedia:Namensgebung_biblische_Namen	Wikipedia:Namensgebung biblische Namen
28	https://de.wikipedia.org/wiki/Wikipedia:Begriffskl%C3%A4rung	Wikipedia:Begriffsklärung
29	https://de.wikipedia.org/wiki/Wikipedia:Formatvorlage_Begriffskl%C3%A4rung	Wikipedia:Formatvorlage Begriffsklärung
30	https://de.wikipedia.org/wiki/Wikipedia:Kategorien	Wikipedia:Kategorien
31	https://de.wikipedia.org/wiki/Wikipedia:Listen	Wikipedia:Listen
32	https://de.wikipedia.org/wiki/Wikipedia:Verlinken	Wikipedia:Verlinken
33	https://de.wikipedia.org/wiki/Wikipedia:Weblinks	Wikipedia:Weblinks
34	https://de.wikipedia.org/wiki/Wikipedia:Assoziative_Verweise	Wikipedia:Assoziative Verweise
35	https://de.wikipedia.org/wiki/Wikipedia:Formatierung	Wikipedia:Formatierung
36	https://de.wikipedia.org/wiki/Wikipedia:Wie_gute_Artikel_aussehen	Wikipedia:Wie gute Artikel aussehen
37	https://de.wikipedia.org/wiki/Wikipedia:Barrierefreiheit	Wikipedia:Barrierefreiheit
38	https://de.wikipedia.org/wiki/Wikipedia:Datumskonventionen	Wikipedia:Datumskonventionen
39	https://de.wikipedia.org/wiki/Wikipedia:Enzyklop%C3%A4dische_Fotografie	Wikipedia:Enzyklopädische Fotografie
40	https://de.wikipedia.org/wiki/Wikipedia:Fremdwortformatierung	Wikipedia:Fremdwortformatierung
41	https://de.wikipedia.org/wiki/Wikipedia:Typografie	Wikipedia:Typografie
42	https://de.wikipedia.org/wiki/Wikipedia:Schreibweise_von_Zahlen	Wikipedia:Schreibweise von Zahlen
43	https://de.wikipedia.org/wiki/Wikipedia:Zitate	Wikipedia:Zitate
44	https://de.wikipedia.org/wiki/Wikipedia:Wie_zitiert_man_Bibelstellen	Wikipedia:Wie zitiert man Bibelstellen
45	https://de.wikipedia.org/wiki/Wikipedia:Koranzitate	Wikipedia:Koranzitate
46	https://de.wikipedia.org/wiki/Wikipedia:Wie_zitiert_man_antike_und_mittelalterliche_Autoren_und_Werke	Wikipedia:Wie zitiert man antike und mittelalterliche Autoren und Werke
47	https://de.wikipedia.org/wiki/Wikipedia:Zitierregeln	Wikipedia:Zitierregeln
48	https://de.wikipedia.org/wiki/Wikipedia:Themenbereiche	Wikipedia:Themenbereiche
49	https://de.wikipedia.org/wiki/Wikipedia:Redaktion_Musik/Leitfaden_Musikartikel/Musikalische_Werke	Wikipedia:Redaktion Musik/Leitfaden Musikartikel/Musikalische Werke
50	https://de.wikipedia.org/wiki/Portal:Bahn/Anforderungen_an_Bahnartikel	Portal:Bahn/Anforderungen an Bahnartikel
51	https://de.wikipedia.org/wiki/Portal:Berge_und_Gebirge/Relevanzkriterien_und_Regeln	Portal:Berge und Gebirge/Relevanzkriterien und Regeln
52	https://de.wikipedia.org/wiki/Wikipedia:Richtlinien_bildende_Kunst	Wikipedia:Richtlinien bildende Kunst
53	https://de.wikipedia.org/wiki/Wikipedia:Richtlinien_Biologie	Wikipedia:Richtlinien Biologie
54	https://de.wikipedia.org/wiki/Wikipedia:Richtlinien_Chemie	Wikipedia:Richtlinien Chemie
55	https://de.wikipedia.org/wiki/Wikipedia:Richtlinien_Comics	Wikipedia:Richtlinien Comics
56	https://de.wikipedia.org/wiki/Wikipedia:Richtlinien_Computerspiele	Wikipedia:Richtlinien Computerspiele
57	https://de.wikipedia.org/wiki/Wikipedia:Richtlinien_E-Sport	Wikipedia:Richtlinien E-Sport
58	https://de.wikipedia.org/wiki/Wikipedia:Richtlinien_Fiktives	Wikipedia:Richtlinien Fiktives
59	https://de.wikipedia.org/wiki/Wikipedia:Redaktion_Film_und_Fernsehen/Richtlinien	Wikipedia:Redaktion Film und Fernsehen/Richtlinien
60	https://de.wikipedia.org/wiki/Wikipedia:Richtlinien_Geschichte	Wikipedia:Richtlinien Geschichte
61	https://de.wikipedia.org/wiki/Portal:Hund/Leitlinien	Portal:Hund/Leitlinien
62	https://de.wikipedia.org/wiki/Wikipedia:Artikel_%C3%BCber_lebende_Personen	Wikipedia:Artikel über lebende Personen
63	https://de.wikipedia.org/wiki/Wikipedia:Richtlinien_Literarische_Werke	Wikipedia:Richtlinien Literarische Werke
64	https://de.wikipedia.org/wiki/Wikipedia:Redaktion_Medizin/Leitlinien	Wikipedia:Redaktion Medizin/Leitlinien
65	https://de.wikipedia.org/wiki/Wikipedia:Redaktion_Musik/Leitfaden_Musikartikel	Wikipedia:Redaktion Musik/Leitfaden Musikartikel
66	https://de.wikipedia.org/wiki/Wikipedia:Richtlinien_Physik	Wikipedia:Richtlinien Physik
67	https://de.wikipedia.org/wiki/Wikipedia:Artikel_%C3%BCber_Schulen	Wikipedia:Artikel über Schulen
68	https://de.wikipedia.org/wiki/Wikipedia:Richtlinien_Software	Wikipedia:Richtlinien Software
69	https://de.wikipedia.org/wiki/Wikipedia:Richtlinien_Studentenverbindungen	Wikipedia:Richtlinien Studentenverbindungen
70	https://de.wikipedia.org/wiki/Wikipedia:Richtlinien_S%C3%BCdosteuropa	Wikipedia:Richtlinien Südosteuropa
71	https://de.wikipedia.org/wiki/Wikipedia:Richtlinien_Websites	Wikipedia:Richtlinien Websites
72	https://de.wikipedia.org/wiki/Wikipedia:Richtlinien_Wirtschaft	Wikipedia:Richtlinien Wirtschaft
73	https://de.wikipedia.org/wiki/Wikipedia:Redaktion_Recht/Richtlinien	Wikipedia:Redaktion Recht/Richtlinien
74	https://de.wikipedia.org/wiki/Wikipedia:Gesch%C3%BCtzte_Seiten	Wikipedia:Geschützte Seiten
75	https://de.wikipedia.org/wiki/Wikipedia:Ignoriere_alle_Regeln	Wikipedia:Ignoriere alle Regeln
76	https://de.wikipedia.org/wiki/Wikipedia:Verhalten_gegen%C3%BCber_Neulingen	Wikipedia:Verhalten gegenüber Neulingen
77	https://de.wikipedia.org/wiki/Wikipedia:Spaltensatz	Wikipedia:Spaltensatz
78	https://de.wikipedia.org/wiki/Wikipedia:Stimmberechtigung	Wikipedia:Stimmberechtigung
80	https://de.wikipedia.org/wiki/Wikipedia:Hauptseite/Schon_gewusst/Teaser	Wikipedia:Hauptseite/Schon gewusst/Teaser
81	https://de.wikipedia.org/wiki/Wikipedia:Namenskonventionen/Kategorien	Wikipedia:Namenskonventionen/Kategorien
82	https://de.wikipedia.org/wiki/Wikipedia:Wikijuristerei	Wikipedia:Wikijuristerei
83	https://de.wikipedia.org/wiki/Wikipedia:Sei_mutig	Wikipedia:Sei mutig
84	https://de.wikipedia.org/wiki/Wikipedia:Sei_tapfer	Wikipedia:Sei tapfer
85	https://de.wikipedia.org/wiki/Wikipedia:Keine_Diven_f%C3%BCttern	Wikipedia:Keine Diven füttern
86	https://de.wikipedia.org/wiki/Wikipedia:St%C3%B6re_Wikipedia_nicht,_um_etwas_zu_beweisen	Wikipedia:Störe Wikipedia nicht, um etwas zu beweisen
87	https://de.wikipedia.org/wiki/Wikipedia:Vermeide_hohle_Phrasen	Wikipedia:Vermeide hohle Phrasen
89	https://de.wikipedia.org/wiki/Portal:Bergbau/Namenskonventionen	Portal:Bergbau/Namenskonventionen
90	https://de.wikipedia.org/wiki/Wikipedia:Nichtdiskriminierung	Wikipedia:Nichtdiskriminierung
91	https://de.wikipedia.org/wiki/Wikipedia:Meinungsbilder/Regelungen	Wikipedia:Meinungsbilder/Regelungen
92	https://de.wikipedia.org/wiki/Portal:Wirtschaft/Richtlinien	Portal:Wirtschaft/Richtlinien
93	https://de.wikipedia.org/wiki/Wikipedia:Namenskonventionen/Staaten	Wikipedia:Namenskonventionen/Staaten
94	https://de.wikipedia.org/wiki/Wikipedia:Namenskonventionen/Tibetisch	Wikipedia:Namenskonventionen/Tibetisch
95	https://de.wikipedia.org/wiki/Wikipedia:Namenskonventionen/Rum%C3%A4nisch	Wikipedia:Namenskonventionen/Rumänisch
96	https://de.wikipedia.org/wiki/Wikipedia:Namenskonventionen/Neugriechisch	Wikipedia:Namenskonventionen/Neugriechisch
97	https://de.wikipedia.org/wiki/Wikipedia:Namenskonventionen/Japanisch	Wikipedia:Namenskonventionen/Japanisch
98	https://de.wikipedia.org/wiki/Wikipedia:Namenskonventionen/Koreanisch	Wikipedia:Namenskonventionen/Koreanisch
99	https://de.wikipedia.org/wiki/Wikipedia:Namenskonventionen/Kyrillisch	Wikipedia:Namenskonventionen/Kyrillisch
100	https://de.wikipedia.org/wiki/Wikipedia:Namenskonventionen/Latein	Wikipedia:Namenskonventionen/Latein
101	https://de.wikipedia.org/wiki/Wikipedia:Namenskonventionen/Chinesisch	Wikipedia:Namenskonventionen/Chinesisch
102	https://de.wikipedia.org/wiki/Wikipedia:Namenskonventionen/Hebr%C3%A4isch	Wikipedia:Namenskonventionen/Hebräisch
103	https://de.wikipedia.org/wiki/Wikipedia:Namenskonventionen/Altgriechisch	Wikipedia:Namenskonventionen/Altgriechisch
104	https://de.wikipedia.org/wiki/Wikipedia:Namenskonventionen/Arabisch	Wikipedia:Namenskonventionen/Arabisch
105	https://de.wikipedia.org/wiki/Wikipedia:Namenskonventionen/Tropische_Wirbelst%C3%BCrme	Wikipedia:Namenskonventionen/Tropische Wirbelstürme
106	https://de.wikipedia.org/wiki/Wikipedia:Namenskonventionen/Britischer_Adel	Wikipedia:Namenskonventionen/Britischer Adel
107	https://de.wikipedia.org/wiki/Wikipedia:Namenskonventionen/Georgisch	Wikipedia:Namenskonventionen/Georgisch
108	https://de.wikipedia.org/wiki/Wikipedia:Namenskonventionen/Somali	Wikipedia:Namenskonventionen/Somali
109	https://de.wikipedia.org/wiki/Wikipedia:Namenskonventionen/Indien/Bengalisch	Wikipedia:Namenskonventionen/Indien/Bengalisch
110	https://de.wikipedia.org/wiki/Wikipedia:Namenskonventionen/Indien/Devanagari	Wikipedia:Namenskonventionen/Indien/Devanagari
111	https://de.wikipedia.org/wiki/Wikipedia:Namenskonventionen/Indien/Tamilisch	Wikipedia:Namenskonventionen/Indien/Tamilisch
112	https://de.wikipedia.org/wiki/Wikipedia:Namenskonventionen/Indien	Wikipedia:Namenskonventionen/Indien
113	https://de.wikipedia.org/wiki/Wikipedia:Namenskonventionen/Hawaiisch	Wikipedia:Namenskonventionen/Hawaiisch
114	https://de.wikipedia.org/wiki/Wikipedia:Namenskonventionen/Abk%C3%BCrzungen	Wikipedia:Namenskonventionen/Abkürzungen
115	https://de.wikipedia.org/wiki/Wikipedia:Namenskonventionen/Albanische_Eigennamen	Wikipedia:Namenskonventionen/Albanische Eigennamen
116	https://de.wikipedia.org/wiki/Wikipedia:Namenskonventionen/Armenisch	Wikipedia:Namenskonventionen/Armenisch
117	https://de.wikipedia.org/wiki/Wikipedia:Namenskonventionen/Aserbaidschanisch	Wikipedia:Namenskonventionen/Aserbaidschanisch
118	https://de.wikipedia.org/wiki/Wikipedia:Namenskonventionen/Schienenfahrzeuge	Wikipedia:Namenskonventionen/Schienenfahrzeuge
119	https://de.wikipedia.org/wiki/Wikipedia:Namenskonventionen/Medizin	Wikipedia:Namenskonventionen/Medizin
120	https://de.wikipedia.org/wiki/Portal:Luftfahrt/Namenskonventionen	Portal:Luftfahrt/Namenskonventionen
121	https://de.wikipedia.org/wiki/Portal:Antarktis/Konventionen	Portal:Antarktis/Konventionen
122	https://de.wikipedia.org/wiki/Wikipedia:Namenskonventionen/Usbekisch	Wikipedia:Namenskonventionen/Usbekisch
123	https://de.wikipedia.org/wiki/Portal:Waffen/Namenskonventionen	Portal:Waffen/Namenskonventionen
