lang	label	rule	shortcuts
de	R1	Wikipedia:Grundprinzipien	['Wikipedia:Grundprinzipien', 'Wikipedia:GP', 'WP:Grundprinzipien', 'WP:GP']	
de	R2	Wikipedia:Ignoriere alle Regeln	['Wikipedia:Ignoriere alle Regeln', 'Wikipedia:IAR', 'WP:Ignoriere alle Regeln', 'WP:IAR']	
de	R3	Wikipedia:Neutraler Standpunkt	['Wikipedia:Neutraler Standpunkt', 'Wikipedia:NPOV', 'Wikipedia:NNPOV', 'Wikipedia:N', 'WP:Neutraler Standpunkt', 'WP:NPOV', 'WP:NNPOV', 'WP:N']	
de	R4	Wikipedia:Keine Theoriefindung	['Wikipedia:Keine Theoriefindung', 'Wikipedia:KTF', 'Wikipedia:TF', 'Wikipedia:NOR', 'Wikipedia:OR', 'Wikipedia:Begriffsfindung', 'WP:Keine Theoriefindung', 'WP:KTF', 'WP:TF', 'WP:NOR', 'WP:OR', 'WP:Begriffsfindung']	
de	R5	Wikipedia:Belege	['Wikipedia:Belege', 'Wikipedia:BLG', 'Wikipedia:QA', 'Wikipedia:WPIKQ', 'Wikipedia:BLG#NPOV', 'WP:Belege', 'WP:BLG', 'WP:QA', 'WP:WPIKQ', 'WP:BLG#NPOV']	
de	R6	Wikipedia:Artikel über lebende Personen	['Wikipedia:Artikel über lebende Personen', 'Wikipedia:BIO', 'Wikipedia:PR', 'Wikipedia:BLP', 'WP:Artikel über lebende Personen', 'WP:BIO', 'WP:PR', 'WP:BLP']	
de	R7	Wikipedia:Geh von guten Absichten aus	['Wikipedia:Geh von guten Absichten aus', 'Wikipedia:AGF', 'Wikipedia:GGAA', 'Wikipedia:GGA', 'Wikipedia:GVGAA', 'Wikipedia:UGA', 'WP:Geh von guten Absichten aus', 'WP:AGF', 'WP:GGAA', 'WP:GGA', 'WP:GVGAA', 'WP:UGA']	
de	R8	Wikipedia:Sei mutig	['Wikipedia:Sei mutig', 'Wikipedia:SM', 'Wikipedia:MUT', 'WP:Sei mutig', 'WP:SM', 'WP:MUT']	
de	R9	Wikipedia:Zitierregeln	['Wikipedia:Zitierregeln', 'Wikipedia:ZR', 'WP:Zitierregeln', 'WP:ZR']	
de	R10	Wikipedia:Wikiquette	['Wikipedia:Wikiquette', 'Wikipedia:WQ', 'WP:Wikiquette', 'WP:WQ']	
de	R11	Wikipedia:Keine persönlichen Angriffe	['Wikipedia:Keine persönlichen Angriffe', 'Wikipedia:KPA', 'Wikipedia:PA', 'Wikipedia:NPA', 'WP:Keine persönlichen Angriffe', 'WP:KPA', 'WP:PA', 'WP:NPA']	
de	R12	Wikipedia:Relevanzkriterien	['Wikipedia:Relevanzkriterien', 'Wikipedia:RK', 'Wikipedia:REL', 'WP:Relevanzkriterien', 'WP:RK', 'WP:REL']	
de	R13	Wikipedia:Verhalten gegenüber Neulingen	['Wikipedia:Verhalten gegenüber Neulingen', 'Wikipedia:VGN', 'WP:Verhalten gegenüber Neulingen', 'WP:VGN']	
de	R14	Wikipedia:Was Wikipedia nicht ist	['Wikipedia:Was Wikipedia nicht ist', 'Wikipedia:WWNI', 'Wikipedia:NICHT', 'WP:Was Wikipedia nicht ist', 'WP:WWNI', 'WP:NICHT']	
de	R15	Wikipedia:Störe Wikipedia nicht, um etwas zu beweisen	['Wikipedia:Störe Wikipedia nicht, um etwas zu beweisen', 'Wikipedia:SWN', 'Wikipedia:BNS', 'Wikipedia:ABM', 'WP:Störe Wikipedia nicht, um etwas zu beweisen', 'WP:SWN', 'WP:BNS', 'WP:ABM']	
en	R1	Wikipedia:Five pillars	['Wikipedia:Five pillars', 'Wikipedia:5P', 'Wikipedia:PILLARS', 'Wikipedia:5P1', 'Wikipedia:5P2', 'Wikipedia:5P3', 'Wikipedia:5P4', 'Wikipedia:5P5', 'WP:Five pillars', 'WP:5P', 'WP:PILLARS', 'WP:5P1', 'WP:5P2', 'WP:5P3', 'WP:5P4', 'WP:5P5']	
en	R2	Wikipedia:Ignore all rules	['Wikipedia:Ignore all rules', 'Wikipedia:IAR', 'Wikipedia:IGNORE', 'WP:Ignore all rules', 'WP:IAR', 'WP:IGNORE', 'w.wiki/i']	
en	R3	Wikipedia:Neutral point of view	['Wikipedia:Neutral point of view', 'Wikipedia:NPOV', 'Wikipedia:NPV', 'Wikipedia:POV', 'Wikipedia:NEUTRAL', 'Wikipedia:YESPOV', 'Wikipedia:WIKIVOICE', 'Wikipedia:VOICE', 'Wikipedia:NPOVHOW', 'Wikipedia:ACHIEVE NPOV', 'Wikipedia:POVNAMING', 'Wikipedia:STRUCTURE', 'Wikipedia:WEIGHT', 'Wikipedia:DUE', 'Wikipedia:UNDUE', 'Wikipedia:BALASP', 'Wikipedia:PROPORTION', 'Wikipedia:PROPORTIONAL', 'Wikipedia:MINORASPECT', 'Wikipedia:GEVAL', 'Wikipedia:VALID', 'Wikipedia:FALSEBALANCE', 'Wikipedia:BESTSOURCES', 'Wikipedia:BALANCE', 'Wikipedia:BALANCED', 'Wikipedia:IMPARTIAL', 'Wikipedia:AESTHETIC', 'Wikipedia:SUBJECTIVE', 'Wikipedia:SUBSTANTIATE', 'Wikipedia:ATTRIBUTEPOV', 'Wikipedia:NPOVFACT', 'Wikipedia:NPOVVIEW', 'Wikipedia:MNA', 'Wikipedia:PSCI', 'Wikipedia:TINFOILHAT', 'Wikipedia:PSEUDOSCIENCE', 'Wikipedia:RNPOV', 'WP:Neutral point of view', 'WP:NPOV', 'WP:NPV', 'WP:POV', 'WP:NEUTRAL', 'WP:YESPOV', 'WP:WIKIVOICE', 'WP:VOICE', 'WP:NPOVHOW', 'WP:ACHIEVE NPOV', 'WP:POVNAMING', 'WP:STRUCTURE', 'WP:WEIGHT', 'WP:DUE', 'WP:UNDUE', 'WP:BALASP', 'WP:PROPORTION', 'WP:PROPORTIONAL', 'WP:MINORASPECT', 'WP:GEVAL', 'WP:VALID', 'WP:FALSEBALANCE', 'WP:BESTSOURCES', 'WP:BALANCE', 'WP:BALANCED', 'WP:IMPARTIAL', 'WP:AESTHETIC', 'WP:SUBJECTIVE', 'WP:SUBSTANTIATE', 'WP:ATTRIBUTEPOV', 'WP:NPOVFACT', 'WP:NPOVVIEW', 'WP:MNA', 'WP:PSCI', 'WP:TINFOILHAT', 'WP:PSEUDOSCIENCE', 'WP:RNPOV']	
en	R4	Wikipedia:No original research	['Wikipedia:No original research', 'Wikipedia:OR', 'Wikipedia:NOR', 'Wikipedia:ORIGINAL', 'Wikipedia:STICKTOSOURCE', 'Wikipedia:PST', 'Wikipedia:PSTS', 'Wikipedia:PRIMARY', 'Wikipedia:SECONDARY', 'Wikipedia:TERTIARY', 'Wikipedia:SYN', 'Wikipedia:SYNTH', 'Wikipedia:SYNTHESIS', 'Wikipedia:OI', 'Wikipedia:IMAGEOR', 'Wikipedia:TRANSCRIPTION', 'Wikipedia:CALC', 'Wikipedia:Routine calculation', 'Wikipedia:VERIFYOR', 'WP:No original research', 'WP:OR', 'WP:NOR', 'WP:ORIGINAL', 'WP:STICKTOSOURCE', 'WP:PST', 'WP:PSTS', 'WP:PRIMARY', 'WP:SECONDARY', 'WP:TERTIARY', 'WP:SYN', 'WP:SYNTH', 'WP:SYNTHESIS', 'WP:OI', 'WP:IMAGEOR', 'WP:TRANSCRIPTION', 'WP:CALC', 'WP:Routine calculation', 'WP:VERIFYOR']	
en	R5	Wikipedia:Verifiability	['Wikipedia:Verifiability', 'Wikipedia:V', 'Wikipedia:VER', 'Wikipedia:VERIFY', 'Wikipedia:BURDEN', 'Wikipedia:SOURCE', 'Wikipedia:SOURCES', 'Wikipedia:NEWSBLOG', 'Wikipedia:NOTRELIABLE', 'Wikipedia:NOTRS', 'Wikipedia:QS', 'Wikipedia:SPS', 'Wikipedia:SELFPUB', 'Wikipedia:SELFPUBLISH', 'Wikipedia:BLOGS', 'Wikipedia:ABOUTSELF', 'Wikipedia:TWEET', 'Wikipedia:TWITTER', 'Wikipedia:SOCIALMEDIA', 'Wikipedia:CIRC', 'Wikipedia:CIRCULAR', 'Wikipedia:REFLOOP', 'Wikipedia:PAYWALL', 'Wikipedia:SOURCEACCESS', 'Wikipedia:RSUE', 'Wikipedia:NOENG', 'Wikipedia:NONENG', 'Wikipedia:VNOT', 'Wikipedia:ONUS', 'Wikipedia:FAIL', 'Wikipedia:FAILV', 'Wikipedia:FAILEDVERIFICATION', 'Wikipedia:REDFLAG', 'Wikipedia:EXCEPTIONAL', 'Wikipedia:EXTRAORDINARY', 'Wikipedia:ECREE', 'Wikipedia:OWNWORDS', 'Wikipedia:YTCOPYRIGHT', 'WP:Verifiability', 'WP:V', 'WP:VER', 'WP:VERIFY', 'WP:BURDEN', 'WP:SOURCE', 'WP:SOURCES', 'WP:NEWSBLOG', 'WP:NOTRELIABLE', 'WP:NOTRS', 'WP:QS', 'WP:SPS', 'WP:SELFPUB', 'WP:SELFPUBLISH', 'WP:BLOGS', 'WP:ABOUTSELF', 'WP:TWEET', 'WP:TWITTER', 'WP:SOCIALMEDIA', 'WP:CIRC', 'WP:CIRCULAR', 'WP:REFLOOP', 'WP:PAYWALL', 'WP:SOURCEACCESS', 'WP:RSUE', 'WP:NOENG', 'WP:NONENG', 'WP:VNOT', 'WP:ONUS', 'WP:FAIL', 'WP:FAILV', 'WP:FAILEDVERIFICATION', 'WP:REDFLAG', 'WP:EXCEPTIONAL', 'WP:EXTRAORDINARY', 'WP:ECREE', 'WP:OWNWORDS', 'WP:YTCOPYRIGHT', 'w.wiki/FVY']	
en	R6	Wikipedia:Biographies of living persons	['Wikipedia:Biographies of living persons', 'Wikipedia:BLP', 'Wikipedia:LIVE', 'Wikipedia:BLPSTYLE', 'Wikipedia:BLPBALANCE', 'Wikipedia:BLPRS', 'Wikipedia:BLPSOURCES', 'Wikipedia:BLPSOURCE', 'Wikipedia:BLPPRIMARY', 'Wikipedia:BLPSPS', 'Wikipedia:BLPSELFPUB', 'Wikipedia:BLPGOSSIP', 'Wikipedia:GRAPEVINE', 'Wikipedia:BLPREMOVE', 'Wikipedia:BLPEL', 'Wikipedia:BLPFR', 'Wikipedia:BLPSEEALSO', 'Wikipedia:AVOIDVICTIM', 'Wikipedia:PUBLICFIGURE', 'Wikipedia:WELLKNOWN', 'Wikipedia:BLPPUBLIC', 'Wikipedia:NOTPUBLICFIGURE', 'Wikipedia:NPF', 'Wikipedia:BLPPRIVACY', 'Wikipedia:DOB', 'Wikipedia:BLP1E', 'Wikipedia:BLPCRIME', 'Wikipedia:SUSPECT', 'Wikipedia:BLPNAME', 'Wikipedia:LPNAME', 'Wikipedia:BLPCOI', 'Wikipedia:BLPTALK', 'Wikipedia:BLPNAMEABUSE', 'Wikipedia:MUG', 'Wikipedia:BLPIMAGE', 'Wikipedia:BLPCAT', 'Wikipedia:BLPCRIMINAL', 'Wikipedia:BLPRACIST', 'Wikipedia:BDP', 'Wikipedia:BLPGROUP', 'Wikipedia:BLPEDIT', 'Wikipedia:BLPKIND', 'Wikipedia:BLPKINDNESS', 'Wikipedia:BIOSELF', 'Wikipedia:BLPSELF', 'Wikipedia:BLPCOMPLAIN', 'Wikipedia:BLPCOMPLAINT', 'Wikipedia:BLPADMINS', 'Wikipedia:BLPDS', 'Wikipedia:BLPDEL', 'Wikipedia:BLPDELETE', 'Wikipedia:BLPREQUESTDELETE', 'Wikipedia:BLPUNDEL', 'Wikipedia:BLPREQUESTRESTORE', 'WP:Biographies of living persons', 'WP:BLP', 'WP:LIVE', 'WP:BLPSTYLE', 'WP:BLPBALANCE', 'WP:BLPRS', 'WP:BLPSOURCES', 'WP:BLPSOURCE', 'WP:BLPPRIMARY', 'WP:BLPSPS', 'WP:BLPSELFPUB', 'WP:BLPGOSSIP', 'WP:GRAPEVINE', 'WP:BLPREMOVE', 'WP:BLPEL', 'WP:BLPFR', 'WP:BLPSEEALSO', 'WP:AVOIDVICTIM', 'WP:PUBLICFIGURE', 'WP:WELLKNOWN', 'WP:BLPPUBLIC', 'WP:NOTPUBLICFIGURE', 'WP:NPF', 'WP:BLPPRIVACY', 'WP:DOB', 'WP:BLP1E', 'WP:BLPCRIME', 'WP:SUSPECT', 'WP:BLPNAME', 'WP:LPNAME', 'WP:BLPCOI', 'WP:BLPTALK', 'WP:BLPNAMEABUSE', 'WP:MUG', 'WP:BLPIMAGE', 'WP:BLPCAT', 'WP:BLPCRIMINAL', 'WP:BLPRACIST', 'WP:BDP', 'WP:BLPGROUP', 'WP:BLPEDIT', 'WP:BLPKIND', 'WP:BLPKINDNESS', 'WP:BIOSELF', 'WP:BLPSELF', 'WP:BLPCOMPLAIN', 'WP:BLPCOMPLAINT', 'WP:BLPADMINS', 'WP:BLPDS', 'WP:BLPDEL', 'WP:BLPDELETE', 'WP:BLPREQUESTDELETE', 'WP:BLPUNDEL', 'WP:BLPREQUESTRESTORE']	
en	R7	Wikipedia:Assume good faith	['Wikipedia:Assume good faith', 'Wikipedia:GF', 'Wikipedia:AGF', 'Wikipedia:FAITH', 'Wikipedia:GOODFAITH', 'Wikipedia:AGFC', 'Wikipedia:DGF', 'Wikipedia:AOBF', 'WP:Assume good faith', 'WP:GF', 'WP:AGF', 'WP:FAITH', 'WP:GOODFAITH', 'WP:AGFC', 'WP:DGF', 'WP:AOBF']	
en	R8	Wikipedia:Be bold	['Wikipedia:Be bold', 'Wikipedia:BOLD', 'Wikipedia:DOIT', 'Wikipedia:FIXIT', 'Wikipedia:BOLDLY', 'Wikipedia:JUSTDOIT', 'Wikipedia:CAREFUL', 'Wikipedia:RECKLESS', 'Wikipedia:BOLDNOTOBLIGATORY', 'Wikipedia:BNO', 'Wikipedia:GLC', 'Wikipedia:BOLDGRAPHICS', 'WP:Be bold', 'WP:BOLD', 'WP:DOIT', 'WP:FIXIT', 'WP:BOLDLY', 'WP:JUSTDOIT', 'WP:CAREFUL', 'WP:RECKLESS', 'WP:BOLDNOTOBLIGATORY', 'WP:BNO', 'WP:GLC', 'WP:BOLDGRAPHICS']	
en	R9	Wikipedia:Citing sources	['Wikipedia:Citing sources', 'Wikipedia:CS', 'Wikipedia:CITE', 'Wikipedia:REF', 'Wikipedia:CITETYPE', 'Wikipedia:WHYCITE', 'Wikipedia:WHENNOTCITE', 'Wikipedia:CITEHOW', 'Wikipedia:HOWCITE', 'Wikipedia:CITEWEB', 'Wikipedia:PAGENUM', 'Wikipedia:PAGELINKS', 'Wikipedia:BOOKLINKS', 'Wikipedia:GBOOKS', 'Wikipedia:SAYWHEREYOUREADIT', 'Wikipedia:SAYWHEREYOUGOTIT', 'Wikipedia:SWYRT', 'Wikipedia:SWYGT', 'Wikipedia:SAYWHERE', 'Wikipedia:ANNOTATION', 'Wikipedia:FOOTQUOTE', 'Wikipedia:FQ', 'Wikipedia:INCITE', 'Wikipedia:INLINECITE', 'Wikipedia:REFLIST', 'Wikipedia:ASL', 'Wikipedia:CITEFOOT', 'Wikipedia:EXPLNOTESECT', 'Wikipedia:ILCLUTTER', 'Wikipedia:INLINECLUTTER', 'Wikipedia:INLINECITECLUTTER', 'Wikipedia:IBID', 'Wikipedia:OPCIT', 'Wikipedia:DUPCITES', 'Wikipedia:DUPREF', 'Wikipedia:CITESHORT', 'Wikipedia:SFN', 'Wikipedia:CITESTYLE', 'Wikipedia:CITEVAR', 'Wikipedia:WHENINROME', 'Wikipedia:CS:EMBED', 'Wikipedia:CONLINK', 'Wikipedia:INDICATEAVAIL', 'Wikipedia:SOURCELINKS', 'Wikipedia:DEADREF', 'Wikipedia:TSI', 'Wikipedia:INTEGRITY', 'Wikipedia:CITEBUNDLE', 'Wikipedia:BUNDLING', 'Wikipedia:INTEXT', 'Wikipedia:GENREF', 'Wikipedia:NOCITE', 'Wikipedia:BLPCITE', 'Wikipedia:CITECONSENSUS', 'Wikipedia:CITEGENERATORS', 'WP:Citing sources', 'WP:CS', 'WP:CITE', 'WP:REF', 'WP:CITETYPE', 'WP:WHYCITE', 'WP:WHENNOTCITE', 'WP:CITEHOW', 'WP:HOWCITE', 'WP:CITEWEB', 'WP:PAGENUM', 'WP:PAGELINKS', 'WP:BOOKLINKS', 'WP:GBOOKS', 'WP:SAYWHEREYOUREADIT', 'WP:SAYWHEREYOUGOTIT', 'WP:SWYRT', 'WP:SWYGT', 'WP:SAYWHERE', 'WP:ANNOTATION', 'WP:FOOTQUOTE', 'WP:FQ', 'WP:INCITE', 'WP:INLINECITE', 'WP:REFLIST', 'WP:ASL', 'WP:CITEFOOT', 'WP:EXPLNOTESECT', 'WP:ILCLUTTER', 'WP:INLINECLUTTER', 'WP:INLINECITECLUTTER', 'WP:IBID', 'WP:OPCIT', 'WP:DUPCITES', 'WP:DUPREF', 'WP:CITESHORT', 'WP:SFN', 'WP:CITESTYLE', 'WP:CITEVAR', 'WP:WHENINROME', 'WP:CS:EMBED', 'WP:CONLINK', 'WP:INDICATEAVAIL', 'WP:SOURCELINKS', 'WP:DEADREF', 'WP:TSI', 'WP:INTEGRITY', 'WP:CITEBUNDLE', 'WP:BUNDLING', 'WP:INTEXT', 'WP:GENREF', 'WP:NOCITE', 'WP:BLPCITE', 'WP:CITECONSENSUS', 'WP:CITEGENERATORS']	
en	R10	Wikipedia:Etiquette	['Wikipedia:Etiquette', 'Wikipedia:EQ', 'Wikipedia:ETIQ', 'Wikipedia:WQ', 'Wikipedia:WQT', 'Wikipedia:INDCRIT', 'Wikipedia:AVOIDABUSE', 'Wikipedia:DOOR', 'WP:Etiquette', 'WP:EQ', 'WP:ETIQ', 'WP:WQ', 'WP:WQT', 'WP:INDCRIT', 'WP:AVOIDABUSE', 'WP:DOOR']	
en	R11	Wikipedia:No personal attacks	['Wikipedia:No personal attacks', 'Wikipedia:NPA', 'Wikipedia:NOPA', 'Wikipedia:NPA#WHATIS', 'Wikipedia:WIAPA', 'Wikipedia:AVOIDYOU', 'Wikipedia:RPA', 'WP:No personal attacks', 'WP:NPA', 'WP:NOPA', 'WP:NPA#WHATIS', 'WP:WIAPA', 'WP:AVOIDYOU', 'WP:RPA']	
en	R12	Wikipedia:Notability	['Wikipedia:Notability', 'Wikipedia:N', 'Wikipedia:GNG', 'Wikipedia:SIGCOV', 'Wikipedia:SNG', 'Wikipedia:NNC', 'Wikipedia:NLISTITEM', 'Wikipedia:NOTEWORTHY', 'Wikipedia:ARTN', 'Wikipedia:CONTN', 'Wikipedia:NRV', 'Wikipedia:NRVE', 'Wikipedia:NEXIST', 'Wikipedia:NPOSSIBLE', 'Wikipedia:NTEMP', 'Wikipedia:NOTTEMPORARY', 'Wikipedia:NSUSTAINED', 'Wikipedia:SUSTAINED', 'Wikipedia:PAGEDECIDE', 'Wikipedia:NOPAGE', 'Wikipedia:WHYN', 'Wikipedia:SPIP', 'Wikipedia:SBST', 'Wikipedia:NOTESAL', 'Wikipedia:LISTN', 'Wikipedia:NLIST', 'Wikipedia:FAILN', 'WP:Notability', 'WP:N', 'WP:GNG', 'WP:SIGCOV', 'WP:SNG', 'WP:NNC', 'WP:NLISTITEM', 'WP:NOTEWORTHY', 'WP:ARTN', 'WP:CONTN', 'WP:NRV', 'WP:NRVE', 'WP:NEXIST', 'WP:NPOSSIBLE', 'WP:NTEMP', 'WP:NOTTEMPORARY', 'WP:NSUSTAINED', 'WP:SUSTAINED', 'WP:PAGEDECIDE', 'WP:NOPAGE', 'WP:WHYN', 'WP:SPIP', 'WP:SBST', 'WP:NOTESAL', 'WP:LISTN', 'WP:NLIST', 'WP:FAILN','w.wiki/3qq']	
en	R13	Wikipedia:Please do not bite the newcomers	['Wikipedia:Please do not bite the newcomers', 'Wikipedia:BITE', 'Wikipedia:NOBITING', 'Wikipedia:NEWBIES', 'Wikipedia:NOOB', 'Wikipedia:DBN', 'Wikipedia:IJME', 'WP:Please do not bite the newcomers', 'WP:BITE', 'WP:NOBITING', 'WP:NEWBIES', 'WP:NOOB', 'WP:DBN', 'WP:IJME']	
en	R14	Wikipedia:What Wikipedia is not	['Wikipedia:What Wikipedia is not', 'Wikipedia:NOT', 'Wikipedia:NOTPAPER', 'Wikipedia:NOTEVERYTHING', 'Wikipedia:NOTDICTIONARY', 'Wikipedia:DICTIONARY', 'Wikipedia:FORUM', 'Wikipedia:NOTESSAY', 'Wikipedia:NOTFORUM', 'Wikipedia:SOAPBOX', 'Wikipedia:PROMOTION', 'Wikipedia:SOAP', 'Wikipedia:PROMO', 'Wikipedia:NOTADVOCACY', 'Wikipedia:NOTOPINION', 'Wikipedia:NOTSCANDAL', 'Wikipedia:NOTGOSSIP', 'Wikipedia:LINKFARM', 'Wikipedia:NOTMIRROR', 'Wikipedia:NOTREPOSITORY', 'Wikipedia:NOTGALLERY', 'Wikipedia:NOTWEBHOST', 'Wikipedia:NOTSOCIALNETWORK', 'Wikipedia:NOTCV', 'Wikipedia:NOTFILESTORAGE', 'Wikipedia:NOTMEMORIAL', 'Wikipedia:NOTDIRECTORY', 'Wikipedia:NOTCATALOG', 'Wikipedia:NOTGENEALOGY', 'Wikipedia:NOTTVGUIDE', 'Wikipedia:NOTGUIDE', 'Wikipedia:NOTHOWTO', 'Wikipedia:NOTTEXTBOOK', 'Wikipedia:CRYSTAL', 'Wikipedia:CRYSTALBALL', 'Wikipedia:RUMOUR', 'Wikipedia:RUMOR', 'Wikipedia:NOTNEWS', 'Wikipedia:NOTWHOSWHO', 'Wikipedia:INDISCRIMINATE', 'Wikipedia:NOTDATABASE', 'Wikipedia:NOTPLOT', 'Wikipedia:NOTLYRICS', 'Wikipedia:NOTSTATS', 'Wikipedia:NOTCENSORED', 'Wikipedia:WINC', 'Wikipedia:CENSOR', 'Wikipedia:NOTANARCHY', 'Wikipedia:NOTFREESPEECH', 'Wikipedia:DEM', 'Wikipedia:NOTDEMOCRACY', 'Wikipedia:NOTBURO', 'Wikipedia:BURO', 'Wikipedia:NOTLAB', 'Wikipedia:BATTLEGROUND', 'Wikipedia:BATTLE', 'Wikipedia:NOTCOMPULSORY', 'Wikipedia:CHOICE', 'Wikipedia:BADIDEA', 'Wikipedia:NOTSTUPID', 'Wikipedia:WHATISTOBEDONE', 'WP:What Wikipedia is not', 'WP:NOT', 'WP:NOTPAPER', 'WP:NOTEVERYTHING', 'WP:NOTDICTIONARY', 'WP:DICTIONARY', 'WP:FORUM', 'WP:NOTESSAY', 'WP:NOTFORUM', 'WP:SOAPBOX', 'WP:PROMOTION', 'WP:SOAP', 'WP:PROMO', 'WP:NOTADVOCACY', 'WP:NOTOPINION', 'WP:NOTSCANDAL', 'WP:NOTGOSSIP', 'WP:LINKFARM', 'WP:NOTMIRROR', 'WP:NOTREPOSITORY', 'WP:NOTGALLERY', 'WP:NOTWEBHOST', 'WP:NOTSOCIALNETWORK', 'WP:NOTCV', 'WP:NOTFILESTORAGE', 'WP:NOTMEMORIAL', 'WP:NOTDIRECTORY', 'WP:NOTCATALOG', 'WP:NOTGENEALOGY', 'WP:NOTTVGUIDE', 'WP:NOTGUIDE', 'WP:NOTHOWTO', 'WP:NOTTEXTBOOK', 'WP:CRYSTAL', 'WP:CRYSTALBALL', 'WP:RUMOUR', 'WP:RUMOR', 'WP:NOTNEWS', 'WP:NOTWHOSWHO', 'WP:INDISCRIMINATE', 'WP:NOTDATABASE', 'WP:NOTPLOT', 'WP:NOTLYRICS', 'WP:NOTSTATS', 'WP:NOTCENSORED', 'WP:WINC', 'WP:CENSOR', 'WP:NOTANARCHY', 'WP:NOTFREESPEECH', 'WP:DEM', 'WP:NOTDEMOCRACY', 'WP:NOTBURO', 'WP:BURO', 'WP:NOTLAB', 'WP:BATTLEGROUND', 'WP:BATTLE', 'WP:NOTCOMPULSORY', 'WP:CHOICE', 'WP:BADIDEA', 'WP:NOTSTUPID', 'WP:WHATISTOBEDONE']	
en	R15	Wikipedia:Do not disrupt Wikipedia to illustrate a point	['Wikipedia:Do not disrupt Wikipedia to illustrate a point', 'Wikipedia:POINT', 'Wikipedia:POINTy', 'Wikipedia:NOTPOINTy', 'WP:Do not disrupt Wikipedia to illustrate a point', 'WP:POINT', 'WP:POINTy', 'WP:NOTPOINTy']	
es	R1	Wikipedia:Los cinco pilares	['Wikipedia:Los cinco pilares', 'Wikipedia:5P', 'Wikipedia:L5P', 'WP:Los cinco pilares', 'WP:5P', 'WP:L5P']	
es	R2	Wikipedia:Ignora las normas	['Wikipedia:Ignora las normas', 'Wikipedia:IN', 'WP:Ignora las normas', 'WP:IN']	
es	R3	Wikipedia:Punto de vista neutral	['Wikipedia:Punto de vista neutral', 'Wikipedia:PVN', 'Wikipedia:NPOV', 'WP:Punto de vista neutral', 'WP:PVN', 'WP:NPOV']	
es	R4	Wikipedia:Wikipedia no es una fuente primaria	['Wikipedia:Wikipedia no es una fuente primaria', 'Wikipedia:FP', 'Wikipedia:NFP', 'Wikipedia:IO', 'Wikipedia:OR', 'WP:Wikipedia no es una fuente primaria', 'WP:FP', 'WP:NFP', 'WP:IO', 'WP:OR']	
es	R5	Wikipedia:Verificabilidad	['Wikipedia:Verificabilidad', 'Wikipedia:VER', 'WP:Verificabilidad', 'WP:VER']	
es	R6	Wikipedia:Biografías de personas vivas	['Wikipedia:Biografías de personas vivas', 'Wikipedia:BPV', 'Wikipedia:PV', 'Wikipedia:UNEVENTO', 'Wikipedia:BPV1E', 'WP:Biografías de personas vivas', 'WP:BPV', 'WP:PV', 'WP:UNEVENTO', 'WP:BPV1E']	
es	R7	Wikipedia:Presume buena fe	['Wikipedia:Presume buena fe', 'Wikipedia:BF', 'Wikipedia:PBF', 'WP:Presume buena fe', 'WP:BF', 'WP:PBF']	
es	R8	Wikipedia:Sé valiente al editar páginas	['Wikipedia:Sé valiente al editar páginas', 'Wikipedia:SV', 'Wikipedia:Sé Valiente', 'Wikipedia:Sé valiente', 'WP:Sé valiente al editar páginas', 'WP:SV', 'WP:Sé Valiente', 'WP:Sé valiente']	
es	R9	Wikipedia:Referencias	['Wikipedia:Referencias', 'Wikipedia:CITAR', 'Wikipedia:REF', 'Wikipedia:PIE', 'Wikipedia:NOTASALPIE', 'Wikipedia:AGRUPAR', 'Wikipedia:REFSAGRUPADAS', 'Wikipedia:REFGEN', 'WP:Referencias', 'WP:CITAR', 'WP:REF', 'WP:PIE', 'WP:NOTASALPIE', 'WP:AGRUPAR', 'WP:REFSAGRUPADAS', 'WP:REFGEN']	
es	R10	Wikipedia:Etiqueta	['Wikipedia:Etiqueta', 'Wikipedia:E', 'Wikipedia:ETI', 'Wikipedia:ETIQUETA', 'WP:Etiqueta', 'WP:E', 'WP:ETI', 'WP:ETIQUETA']	
es	R11	Wikipedia:No hagas ataques personales	['Wikipedia:No hagas ataques personales', 'Wikipedia:NAP', 'Wikipedia:ATP', 'Wikipedia:NOAP', 'Wikipedia:SUELO', 'WP:No hagas ataques personales', 'WP:NAP', 'WP:ATP', 'WP:NOAP', 'WP:SUELO']	
es	R12	Wikipedia:Artículos sin relevancia aparente	['Wikipedia:Artículos sin relevancia aparente', 'Wikipedia:ASR', 'Wikipedia:SRA', 'WP:Artículos sin relevancia aparente', 'WP:ASR', 'WP:SRA']	
es	R13	Wikipedia:No morder a los novatos	['Wikipedia:No morder a los novatos', 'Wikipedia:NMN', 'Wikipedia:NOVATO', 'WP:No morder a los novatos', 'WP:NMN', 'WP:NOVATO']	
es	R14	Wikipedia:Lo que Wikipedia no es	['Wikipedia:Lo que Wikipedia no es', 'Wikipedia:NO', 'Wikipedia:NOES', 'Wikipedia:LWNE', 'Wikipedia:LQWNE', 'Wikipedia:NOFORO', 'Wikipedia:NEF', 'Wikipedia:NOALMACÉN', 'Wikipedia:NOALMACEN', 'Wikipedia:NOREDSOCIAL', 'Wikipedia:NONOTICIAS', 'Wikipedia:SINCRITERIO', 'Wikipedia:CRISTAL', 'Wikipedia:BOLA', 'Wikipedia:NOCENSURADA', 'Wikipedia:CAMPODEBATALLA', 'Wikipedia:NOANARQUÍA', 'Wikipedia:NODEMOCRACIA', 'Wikipedia:NOBUROCRACIA', 'Wikipedia:NOESOBLIGADA', 'WP:Lo que Wikipedia no es', 'WP:NO', 'WP:NOES', 'WP:LWNE', 'WP:LQWNE', 'WP:NOFORO', 'WP:NEF', 'WP:NOALMACÉN', 'WP:NOALMACEN', 'WP:NOREDSOCIAL', 'WP:NONOTICIAS', 'WP:SINCRITERIO', 'WP:CRISTAL', 'WP:BOLA', 'WP:NOCENSURADA', 'WP:CAMPODEBATALLA', 'WP:NOANARQUÍA', 'WP:NODEMOCRACIA', 'WP:NOBUROCRACIA', 'WP:NOESOBLIGADA']	
es	R15	Wikipedia:No sabotees Wikipedia para respaldar tus argumentos	['Wikipedia:No sabotees Wikipedia para respaldar tus argumentos', 'Wikipedia:NSW', 'Wikipedia:S', 'Wikipedia:Sabotaje', 'WP:No sabotees Wikipedia para respaldar tus argumentos', 'WP:NSW', 'WP:S', 'WP:Sabotaje']	
fr	R1	Wikipédia:Principes fondateurs	['Wikipédia:Principes fondateurs', 'Wikipédia:PF', 'WP:Principes fondateurs', 'WP:PF']	
fr	R2	Wikipédia:Interprétation créative des règles	['Wikipédia:Interprétation créative des règles', 'Wikipédia:ICR', 'Wikipédia:IAR', 'Wikipédia:PF5', 'Wikipédia:5e PF', 'WP:Interprétation créative des règles', 'WP:ICR', 'WP:IAR', 'WP:PF5', 'WP:5e PF']	
fr	R3	Wikipédia:Neutralité de point de vue	['Wikipédia:Neutralité de point de vue', 'Wikipédia:NdPV', 'Wikipédia:NPdV', 'Wikipédia:PDV', 'Wikipédia:NPOV', 'Wikipédia:POV', 'Wikipédia:PF2', 'Wikipédia:POVNAMING', 'Wikipédia:STRUCTURE', 'Wikipédia:UNDUE', 'WP:Neutralité de point de vue', 'WP:NdPV', 'WP:NPdV', 'WP:PDV', 'WP:NPOV', 'WP:POV', 'WP:PF2', 'WP:POVNAMING', 'WP:STRUCTURE', 'WP:UNDUE']	
fr	R4	Wikipédia:Travaux inédits	['Wikipédia:Travaux inédits', 'Wikipédia:TI', 'Wikipédia:SYN', 'WP:Travaux inédits', 'WP:TI', 'WP:SYN']	
fr	R5	Wikipédia:Vérifiabilité	['Wikipédia:Vérifiabilité', 'Wikipédia:V', 'Wikipédia:VER', 'WP:Vérifiabilité', 'WP:V', 'WP:VER']	
fr	R6	Wikipédia:Biographie de personne vivante	['Wikipédia:Biographie de personne vivante', 'Wikipédia:BPV', 'Wikipédia:BLP', 'Wikipédia:BPV#Date de naissance', 'Wikipédia:SUR SOI', 'WP:Biographie de personne vivante', 'WP:BPV', 'WP:BLP', 'WP:BPV#Date de naissance', 'WP:SUR SOI']	
fr	R7	Wikipédia:Supposez la bonne foi	['Wikipédia:Supposez la bonne foi', 'Wikipédia:SBF', 'Wikipédia:FOI', 'WP:Supposez la bonne foi', 'WP:SBF', 'WP:FOI']	
fr	R8	Wikipédia:N'hésitez pas !	["Wikipédia:N'hésitez pas !", 'Wikipédia:NHP', 'Wikipédia:OSEZ', 'Wikipédia:BOLD', "WP:N'hésitez pas !", 'WP:NHP', 'WP:OSEZ', 'WP:BOLD']	
fr	R9	Wikipédia:Citez vos sources	['Wikipédia:Citez vos sources', 'Wikipédia:CITE', 'Wikipédia:CVS', 'Wikipédia:REF', 'Wikipédia:SOURCES', 'Wikipédia:CVSPRAT', 'Wikipédia:CVSREF', 'Wikipédia:SQ', 'Wikipédia:QS', 'Wikipédia:CVSQ', 'Wikipédia:SPR', 'Wikipédia:SAO', 'Wikipédia:SPF', 'Wikipédia:WPS', 'WP:Citez vos sources', 'WP:CITE', 'WP:CVS', 'WP:REF', 'WP:SOURCES', 'WP:CVSPRAT', 'WP:CVSREF', 'WP:SQ', 'WP:QS', 'WP:CVSQ', 'WP:SPR', 'WP:SAO', 'WP:SPF', 'WP:WPS']	
fr	R10	Wikipédia:Étiquette	['Wikipédia:Étiquette', 'Wikipédia:ET', 'WP:Étiquette', 'WP:ET']	
fr	R11	Wikipédia:Pas d'attaque personnelle	["Wikipédia:Pas d'attaque personnelle", 'Wikipédia:PAP', 'Wikipédia:WAT', "WP:Pas d'attaque personnelle", 'WP:PAP', 'WP:WAT']	
fr	R12	Wikipédia:Notoriété	['Wikipédia:Notoriété', 'Wikipédia:N', 'Wikipédia:NG', 'Wikipédia:CGN', 'Wikipédia:CGNMO', 'Wikipédia:CGNPUB', 'Wikipédia:ROLE', 'Wikipédia:NCONT', 'Wikipédia:NPREUV', 'Wikipédia:PERNOT', 'Wikipédia:NOTPER', 'Wikipédia:CGN?', 'Wikipédia:NOTAB?', 'Wikipédia:PUB', 'Wikipédia:NLIST', 'WP:Notoriété', 'WP:N', 'WP:NG', 'WP:CGN', 'WP:CGNMO', 'WP:CGNPUB', 'WP:ROLE', 'WP:NCONT', 'WP:NPREUV', 'WP:PERNOT', 'WP:NOTPER', 'WP:CGN?', 'WP:NOTAB?', 'WP:PUB', 'WP:NLIST']	
fr	R13	Wikipédia:Ne mordez pas les nouveaux	['Wikipédia:Ne mordez pas les nouveaux', 'Wikipédia:MORDRE', 'Wikipédia:NMPN', 'Wikipédia:MORD', 'WP:Ne mordez pas les nouveaux', 'WP:MORDRE', 'WP:NMPN', 'WP:MORD']	
fr	R14	Wikipédia:Ce que Wikipédia n'est pas	["Wikipédia:Ce que Wikipédia n'est pas", 'Wikipédia:NOT', 'Wikipédia:CQWNP', 'Wikipédia:FORUM', 'Wikipédia:DICO', 'Wikipédia:NOTDIC', 'Wikipédia:BATAILLE', 'Wikipédia:TRIBUNE', 'Wikipédia:NOPUB', 'Wikipédia:NOTNEWS', 'Wikipédia:DIRECT', 'Wikipédia:Actualité', 'Wikipédia:CRISTAL', 'Wikipédia:ANNUAIRE', 'Wikipédia:BdD', 'Wikipédia:BASE', 'Wikipédia:NOTGP', 'Wikipédia:NOTIMG', 'Wikipédia:NOTMEM', "WP:Ce que Wikipédia n'est pas", 'WP:NOT', 'WP:CQWNP', 'WP:FORUM', 'WP:DICO', 'WP:NOTDIC', 'WP:BATAILLE', 'WP:TRIBUNE', 'WP:NOPUB', 'WP:NOTNEWS', 'WP:DIRECT', 'WP:Actualité', 'WP:CRISTAL', 'WP:ANNUAIRE', 'WP:BdD', 'WP:BASE', 'WP:NOTGP', 'WP:NOTIMG', 'WP:NOTMEM']	
fr	R15	Wikipédia:Ne pas désorganiser Wikipédia pour une argumentation personnelle	['Wikipédia:Ne pas désorganiser Wikipédia pour une argumentation personnelle', 'Wikipédia:POINT', 'Wikipédia:MOI', 'WP:Ne pas désorganiser Wikipédia pour une argumentation personnelle', 'WP:POINT', 'WP:MOI']	
ja	R1	Wikipedia:五本の柱	['Wikipedia:五本の柱', 'Wikipedia:5P1', 'Wikipedia:5P2', 'Wikipedia:5P3', 'Wikipedia:5P4', 'Wikipedia:5P5', 'WP:五本の柱', 'WP:5P1', 'WP:5P2', 'WP:5P3', 'WP:5P4', 'WP:5P5']	
ja	R2	Wikipedia:ルールすべてを無視しなさい	['Wikipedia:ルールすべてを無視しなさい', 'Wikipedia:IAR', 'Wikipedia:IGNORE', 'WP:ルールすべてを無視しなさい', 'WP:IAR', 'WP:IGNORE']	
ja	R3	Wikipedia:中立的な観点	['Wikipedia:中立的な観点', 'Wikipedia:NPOV', 'Wikipedia:NPV', 'Wikipedia:POV', 'Wikipedia:YESPOV', 'Wikipedia:WEIGHT', 'Wikipedia:DUE', 'Wikipedia:UNDUE', 'Wikipedia:POVNAMING', 'Wikipedia:SUBSTANTIATE', 'Wikipedia:ATTRIBUTEPOV', 'Wikipedia:INTEXT', 'WP:中立的な観点', 'WP:NPOV', 'WP:NPV', 'WP:POV', 'WP:YESPOV', 'WP:WEIGHT', 'WP:DUE', 'WP:UNDUE', 'WP:POVNAMING', 'WP:SUBSTANTIATE', 'WP:ATTRIBUTEPOV', 'WP:INTEXT']	
ja	R4	Wikipedia:独自研究は載せない	['Wikipedia:独自研究は載せない', 'Wikipedia:NOR', 'Wikipedia:OR', 'Wikipedia:PSTS', 'Wikipedia:SYN', 'Wikipedia:SYNTHESIS', 'Wikipedia:OI', 'WP:独自研究は載せない', 'WP:NOR', 'WP:OR', 'WP:PSTS', 'WP:SYN', 'WP:SYNTHESIS', 'WP:OI']	
ja	R5	Wikipedia:検証可能性	['Wikipedia:検証可能性', 'Wikipedia:V', 'Wikipedia:VERIFY', 'Wikipedia:BURDEN', 'Wikipedia:UNSOURCED', 'Wikipedia:SOURCES', 'Wikipedia:NEWSBLOG', 'Wikipedia:V#NR', 'Wikipedia:NOTRELIABLE', 'Wikipedia:NOTRS', 'Wikipedia:QS', 'Wikipedia:TVWATCH', 'Wikipedia:RADIOLISTEN', 'Wikipedia:V#SP', 'Wikipedia:SPS', 'Wikipedia:SELFPUBLISH', 'Wikipedia:BLOGS', 'Wikipedia:V#OS', 'Wikipedia:ABOUTSELF', 'Wikipedia:SELFPUB', 'Wikipedia:TWITTER', 'Wikipedia:FACEBOOK', 'Wikipedia:INSTAGRAM', 'Wikipedia:SOCIALMEDIA', 'Wikipedia:CIRCULAR', 'Wikipedia:PAYWALL', 'Wikipedia:SOURCEACCESS', 'WP:検証可能性', 'WP:V', 'WP:VERIFY', 'WP:BURDEN', 'WP:UNSOURCED', 'WP:SOURCES', 'WP:NEWSBLOG', 'WP:V#NR', 'WP:NOTRELIABLE', 'WP:NOTRS', 'WP:QS', 'WP:TVWATCH', 'WP:RADIOLISTEN', 'WP:V#SP', 'WP:SPS', 'WP:SELFPUBLISH', 'WP:BLOGS', 'WP:V#OS', 'WP:ABOUTSELF', 'WP:SELFPUB', 'WP:TWITTER', 'WP:FACEBOOK', 'WP:INSTAGRAM', 'WP:SOCIALMEDIA', 'WP:CIRCULAR', 'WP:PAYWALL', 'WP:SOURCEACCESS']	
ja	R6	Wikipedia:存命人物の伝記	['Wikipedia:存命人物の伝記', 'Wikipedia:BLP', 'Wikipedia:LIVING', 'Wikipedia:LIVE', 'Wikipedia:BLPSTYLE', 'Wikipedia:BLPREMOVE', 'Wikipedia:BLPSOURCES', 'Wikipedia:BLPSELFPUB', 'Wikipedia:WELLKNOWN', 'Wikipedia:NPF', 'Wikipedia:BLPPRIVACY', 'Wikipedia:BLPGOSSIP', 'Wikipedia:BLPCAT', 'Wikipedia:BLPEDIT', 'WP:存命人物の伝記', 'WP:BLP', 'WP:LIVING', 'WP:LIVE', 'WP:BLPSTYLE', 'WP:BLPREMOVE', 'WP:BLPSOURCES', 'WP:BLPSELFPUB', 'WP:WELLKNOWN', 'WP:NPF', 'WP:BLPPRIVACY', 'WP:BLPGOSSIP', 'WP:BLPCAT', 'WP:BLPEDIT']	
ja	R7	Wikipedia:善意にとる	['Wikipedia:善意にとる', 'Wikipedia:AGF', 'Wikipedia:ASG', 'Wikipedia:FAITH', 'Wikipedia:BONAFIDE', 'Wikipedia:DGF', 'Wikipedia:AOBF', 'WP:善意にとる', 'WP:AGF', 'WP:ASG', 'WP:FAITH', 'WP:BONAFIDE', 'WP:DGF', 'WP:AOBF']	
ja	R8	Wikipedia:ページの編集は大胆に	['Wikipedia:ページの編集は大胆に', 'Wikipedia:BB', 'Wikipedia:BOLD', 'Wikipedia:Be bold', 'WP:ページの編集は大胆に', 'WP:BB', 'WP:BOLD', 'WP:Be bold']	
ja	R9	Wikipedia:出典を明記する	['Wikipedia:出典を明記する', 'Wikipedia:CITE', 'Wikipedia:CS', 'Wikipedia:REF', 'Wikipedia:INCITE', 'Wikipedia:GENREF', 'Wikipedia:CITEHOW', 'Wikipedia:WEBREF', 'Wikipedia:DEADREF', 'WP:出典を明記する', 'WP:CITE', 'WP:CS', 'WP:REF', 'WP:INCITE', 'WP:GENREF', 'WP:CITEHOW', 'WP:WEBREF', 'WP:DEADREF']	
ja	R10	Wikipedia:エチケット	['Wikipedia:エチケット', 'Wikipedia:EQ', 'Wikipedia:ETIQ', 'Wikipedia:WQ', 'Wikipedia:WQT', 'WP:エチケット', 'WP:EQ', 'WP:ETIQ', 'WP:WQ', 'WP:WQT']	
ja	R11	Wikipedia:個人攻撃はしない	['Wikipedia:個人攻撃はしない', 'Wikipedia:NPA', 'Wikipedia:ATTACK', 'Wikipedia:PA', 'Wikipedia:MYOB', 'Wikipedia:NPA#WHATIS', 'WP:個人攻撃はしない', 'WP:NPA', 'WP:ATTACK', 'WP:PA', 'WP:MYOB', 'WP:NPA#WHATIS']	
ja	R12	Wikipedia:独立記事作成の目安	['Wikipedia:独立記事作成の目安', 'Wikipedia:N', 'Wikipedia:NN', 'Wikipedia:NOTE', 'Wikipedia:GNG', 'Wikipedia:GNG/IOTS', 'Wikipedia:GNG/R', 'Wikipedia:GNG/S', 'Wikipedia:GNG/SC', 'Wikipedia:GNG/P', 'Wikipedia:NRVE', 'Wikipedia:N#NR', 'Wikipedia:N#TEMP', 'Wikipedia:NTEMP', 'Wikipedia:FAILN', 'WP:独立記事作成の目安', 'WP:N', 'WP:NN', 'WP:NOTE', 'WP:GNG', 'WP:GNG/IOTS', 'WP:GNG/R', 'WP:GNG/S', 'WP:GNG/SC', 'WP:GNG/P', 'WP:NRVE', 'WP:N#NR', 'WP:N#TEMP', 'WP:NTEMP', 'WP:FAILN']	
ja	R13	Wikipedia:新規参加者を苛めないでください	['Wikipedia:新規参加者を苛めないでください', 'Wikipedia:BITE', 'WP:新規参加者を苛めないでください', 'WP:BITE']	
ja	R14	Wikipedia:ウィキペディアは何ではないか	['Wikipedia:ウィキペディアは何ではないか', 'Wikipedia:!', 'Wikipedia:WIN', 'Wikipedia:WWIN', 'Wikipedia:NOT', 'Wikipedia:NOTPAPER', 'Wikipedia:PAPER', 'Wikipedia:INKLESS', 'Wikipedia:NOTEVERYTHING', 'Wikipedia:NOTDICDEF', 'Wikipedia:NOTDICTIONARY', 'Wikipedia:NOT#DICT', 'Wikipedia:NOT#DICDEF', 'Wikipedia:NOT#DICTIONARY', 'Wikipedia:NOT#OR', 'Wikipedia:NOT#ESSAY', 'Wikipedia:NOTESSAY', 'Wikipedia:FORUM', 'Wikipedia:NOTFORUM', 'Wikipedia:NOT#CHAT', 'Wikipedia:NOTADVERTISING', 'Wikipedia:NOTADVOCATE', 'Wikipedia:NOTGOSSIP', 'Wikipedia:NOTOPINION', 'Wikipedia:NOTSCANDAL', 'Wikipedia:NOTSOAPBOX', 'Wikipedia:NOTPROMOTION', 'Wikipedia:PROMOTION', 'Wikipedia:PROMO', 'Wikipedia:PLUG', 'Wikipedia:SOAP', 'Wikipedia:SOAPBOX', 'Wikipedia:NOT#SOAP', 'Wikipedia:NOTLINK', 'Wikipedia:NOTMIRROR', 'Wikipedia:NOTREPOSITORY', 'Wikipedia:LINKFARM', 'Wikipedia:NOTIMAGE', 'Wikipedia:NOTGALLERY', 'Wikipedia:NOTSOCIAL', 'Wikipedia:NOTSOCIALNETWORK', 'Wikipedia:NOTWEBHOST', 'Wikipedia:NOTHOSTING', 'Wikipedia:NOTBLOG', 'Wikipedia:NOTMYSPACE', 'Wikipedia:NOTTWITTER', 'Wikipedia:NOTFACEBOOK', 'Wikipedia:NOTINSTAGRAM', 'Wikipedia:NOTLINKEDIN', 'Wikipedia:NOTMEMORIAL', 'Wikipedia:NOTRESUME', 'Wikipedia:NOTCV', 'Wikipedia:NOTSTORAGE', 'Wikipedia:NOTCATALOG', 'Wikipedia:NOTCATALOGUE', 'Wikipedia:NOTDIR', 'Wikipedia:NOTDIRECTORY', 'Wikipedia:NOTGENEALOGY', 'Wikipedia:NOTRADIOGUIDE', 'Wikipedia:NOTTVGUIDE', 'Wikipedia:NOPRICES', 'Wikipedia:NOTWHITE', 'Wikipedia:NOTYELLOW', 'Wikipedia:NOTADVICE', 'Wikipedia:NOTGUIDE', 'Wikipedia:NOTFAQ', 'Wikipedia:NOTHOWTO', 'Wikipedia:NOTMANUAL', 'Wikipedia:NOTTRAVEL', 'Wikipedia:NOTJOURNAL', 'Wikipedia:NOTCOOKBOOK', 'Wikipedia:NOTRECIPE', 'Wikipedia:NOTTEXTBOOK', 'Wikipedia:NOT#CASE', 'Wikipedia:NOT#FAQ', 'Wikipedia:GAMEGUIDE', 'Wikipedia:BALL', 'Wikipedia:CBALL', 'Wikipedia:CRYSTAL', 'Wikipedia:CRYSTALBALL', 'Wikipedia:FUTURE', 'Wikipedia:NOTCRYSTAL', 'Wikipedia:NOTCRYSTALBALL', 'Wikipedia:RUMOUR', 'Wikipedia:SPECULATION', 'Wikipedia:NOTNEWS', 'Wikipedia:NOT#NEWS', 'Wikipedia:NOTNEWSPAPER', 'Wikipedia:NOT#NEWSPAPER', 'Wikipedia:NOT#JOURNALISM', 'Wikipedia:NOT#NEWSREPORTS', 'Wikipedia:NOTDIARY', 'Wikipedia:NOT#DIARY', 'Wikipedia:IINFO', 'Wikipedia:INDISCRIMINATE', 'Wikipedia:NOTCHANGELOG', 'Wikipedia:NOTLYRICS', 'Wikipedia:NOT#LYRICS', 'Wikipedia:NOTSTATS', 'Wikipedia:NOT#STATS', 'Wikipedia:PLOT', 'Wikipedia:NOTPLOT', 'Wikipedia:RAWDATA', 'Wikipedia:CENSOR', 'Wikipedia:CENSORED', 'Wikipedia:UNCENSORED', 'Wikipedia:NOTCENSORED', 'Wikipedia:ANARCHY', 'Wikipedia:NOTANARCHY', 'Wikipedia:NOTFREESPEECH', 'Wikipedia:DEM', 'Wikipedia:DEMOCRACY', 'Wikipedia:NOTDEMOCRACY', 'Wikipedia:NOT#DEM', 'Wikipedia:WIKINOTVOTE', 'Wikipedia:BURO', 'Wikipedia:NOTBUREAUCRACY', 'Wikipedia:BUREAU', 'Wikipedia:NOTBUREAU', 'Wikipedia:NOTSTATUTE', 'Wikipedia:NOTLAW', 'Wikipedia:NOTCOURT', 'Wikipedia:BATTLEGROUND', 'Wikipedia:NOTBATTLE', 'Wikipedia:NOTBATTLEGROUND', 'Wikipedia:BATTLE', 'Wikipedia:NOTFACTIONS', 'Wikipedia:CHOICE', 'Wikipedia:NOTCOMPULSORY', 'Wikipedia:NOTREQUIRED', 'Wikipedia:REQUIRED', 'Wikipedia:BADIDEA', 'Wikipedia:NOTSTUPID', 'Wikipedia:WHATISTOBEDONE', 'Wikipedia:!GIMON', 'WP:ウィキペディアは何ではないか', 'WP:!', 'WP:WIN', 'WP:WWIN', 'WP:NOT', 'WP:NOTPAPER', 'WP:PAPER', 'WP:INKLESS', 'WP:NOTEVERYTHING', 'WP:NOTDICDEF', 'WP:NOTDICTIONARY', 'WP:NOT#DICT', 'WP:NOT#DICDEF', 'WP:NOT#DICTIONARY', 'WP:NOT#OR', 'WP:NOT#ESSAY', 'WP:NOTESSAY', 'WP:FORUM', 'WP:NOTFORUM', 'WP:NOT#CHAT', 'WP:NOTADVERTISING', 'WP:NOTADVOCATE', 'WP:NOTGOSSIP', 'WP:NOTOPINION', 'WP:NOTSCANDAL', 'WP:NOTSOAPBOX', 'WP:NOTPROMOTION', 'WP:PROMOTION', 'WP:PROMO', 'WP:PLUG', 'WP:SOAP', 'WP:SOAPBOX', 'WP:NOT#SOAP', 'WP:NOTLINK', 'WP:NOTMIRROR', 'WP:NOTREPOSITORY', 'WP:LINKFARM', 'WP:NOTIMAGE', 'WP:NOTGALLERY', 'WP:NOTSOCIAL', 'WP:NOTSOCIALNETWORK', 'WP:NOTWEBHOST', 'WP:NOTHOSTING', 'WP:NOTBLOG', 'WP:NOTMYSPACE', 'WP:NOTTWITTER', 'WP:NOTFACEBOOK', 'WP:NOTINSTAGRAM', 'WP:NOTLINKEDIN', 'WP:NOTMEMORIAL', 'WP:NOTRESUME', 'WP:NOTCV', 'WP:NOTSTORAGE', 'WP:NOTCATALOG', 'WP:NOTCATALOGUE', 'WP:NOTDIR', 'WP:NOTDIRECTORY', 'WP:NOTGENEALOGY', 'WP:NOTRADIOGUIDE', 'WP:NOTTVGUIDE', 'WP:NOPRICES', 'WP:NOTWHITE', 'WP:NOTYELLOW', 'WP:NOTADVICE', 'WP:NOTGUIDE', 'WP:NOTFAQ', 'WP:NOTHOWTO', 'WP:NOTMANUAL', 'WP:NOTTRAVEL', 'WP:NOTJOURNAL', 'WP:NOTCOOKBOOK', 'WP:NOTRECIPE', 'WP:NOTTEXTBOOK', 'WP:NOT#CASE', 'WP:NOT#FAQ', 'WP:GAMEGUIDE', 'WP:BALL', 'WP:CBALL', 'WP:CRYSTAL', 'WP:CRYSTALBALL', 'WP:FUTURE', 'WP:NOTCRYSTAL', 'WP:NOTCRYSTALBALL', 'WP:RUMOUR', 'WP:SPECULATION', 'WP:NOTNEWS', 'WP:NOT#NEWS', 'WP:NOTNEWSPAPER', 'WP:NOT#NEWSPAPER', 'WP:NOT#JOURNALISM', 'WP:NOT#NEWSREPORTS', 'WP:NOTDIARY', 'WP:NOT#DIARY', 'WP:IINFO', 'WP:INDISCRIMINATE', 'WP:NOTCHANGELOG', 'WP:NOTLYRICS', 'WP:NOT#LYRICS', 'WP:NOTSTATS', 'WP:NOT#STATS', 'WP:PLOT', 'WP:NOTPLOT', 'WP:RAWDATA', 'WP:CENSOR', 'WP:CENSORED', 'WP:UNCENSORED', 'WP:NOTCENSORED', 'WP:ANARCHY', 'WP:NOTANARCHY', 'WP:NOTFREESPEECH', 'WP:DEM', 'WP:DEMOCRACY', 'WP:NOTDEMOCRACY', 'WP:NOT#DEM', 'WP:WIKINOTVOTE', 'WP:BURO', 'WP:NOTBUREAUCRACY', 'WP:BUREAU', 'WP:NOTBUREAU', 'WP:NOTSTATUTE', 'WP:NOTLAW', 'WP:NOTCOURT', 'WP:BATTLEGROUND', 'WP:NOTBATTLE', 'WP:NOTBATTLEGROUND', 'WP:BATTLE', 'WP:NOTFACTIONS', 'WP:CHOICE', 'WP:NOTCOMPULSORY', 'WP:NOTREQUIRED', 'WP:REQUIRED', 'WP:BADIDEA', 'WP:NOTSTUPID', 'WP:WHATISTOBEDONE', 'WP:!GIMON']	
ja	R15	Wikipedia:腕ずくで解決しようとしない	['Wikipedia:腕ずくで解決しようとしない', 'Wikipedia:POINT', 'Wikipedia:SPEED', 'Wikipedia:悪用', 'Wikipedia:IDIDNTHEARTHAT', 'Wikipedia:DISRUPTPOINT', 'WP:腕ずくで解決しようとしない', 'WP:POINT', 'WP:SPEED', 'WP:悪用', 'WP:IDIDNTHEARTHAT', 'WP:DISRUPTPOINT']	
